Slope_minmax,PeakVal1_error,PeakVal2_error,PeakHt1_error,PeakHt2_error,Min1_window,Min2_window,Max1_window,Max2_window,Var1_window,Var2_window,Mean1_window,Mean2_window,Sig_coef1,Sig_coef2,Sig_coef3,Sig_coef4,Max_fft,Min_fft,Mean_fft,Var_fft
0.14423076923076927,0.5012853470437018,0.3575,0.1543624161073833,0.09310986964618245,0.44722222222222224,0.4611111111111111,0.4725,0.48872180451127817,0.0348825119567463,0.035867061533397276,0.45615866388308957,0.4804232804232804,0.0006269119291755298,0.10839270247483902,0.0010253701855841848,0.0003770476773620262,0.3908300664734958,-0.34893657183626736,0.337303720494719,0.16510613178521133
0.043750000000000004,0.2287917737789203,0.2575,0.20469798657718052,0.23277467411545652,0.25,0.25,0.2625,0.2631578947368421,0.01333437305053017,0.01192826587693306,0.2515657620041753,0.2619047619047619,0.00010551764578835558,0.05694819549839073,0.0007475935879061287,0.00031692660966358517,0.22737344469064255,-0.045013092382670025,0.22303896717809546,0.05362386298875081
0.03551136363636364,0.2210796915167095,0.235,0.14429530201342353,0.0931098696461822,0.20555555555555555,0.2111111111111111,0.215,0.21804511278195488,0.006290289041380754,0.00556652407590216,0.20824634655532348,0.21798941798941793,0.00016391273091268392,0.02152642127061978,0.0009204993725134027,0.00023812718420796917,0.21655019601159023,-0.05563476674436304,0.2078388003820245,0.048760546910130154
0.06250000000000006,0.2750642673521851,0.235,0.13758389261744908,0.229050279329609,0.2777777777777778,0.3055555555555556,0.355,0.37092731829573933,0.07239030983572496,0.07110343314686865,0.3131524008350729,0.34285714285714286,-3.459898498697709e-05,0.24718327935392295,0.24999258415171513,0.0004695496849931691,0.277313788989262,-0.029355394210195333,0.33269984844869516,0.07941988392727684
0.18749999999999947,0.38046272493573263,0.6275,0.1644295302013437,0.2905027932960898,0.5583333333333332,0.5361111111111111,0.6175,0.6015037593984962,0.09838323975878521,0.10082812328616805,0.5871607515657618,0.5666666666666667,-0.00027316189725299186,0.9801334337472549,0.24987597415294255,0.0007500731750475877,0.4429861939662519,-0.05548140120557802,0.5433789031153443,0.2048758892191927
0.13541666666666663,0.8020565552699229,0.8025,0.577181208053695,0.4562383612662938,0.7999999999999999,0.7277777777777777,0.8025,0.7468671679197995,0.05809419837804193,0.05585718986508748,0.7959290187891433,0.7375661375661374,0.00031592760883911484,0.021415981034780967,0.003416151501532701,0.001017031653467621,0.7633373103800919,-0.0898863382843586,0.7281818252767502,0.6049147872673989
0.0,0.23393316195372751,0.3225,0.14093959731543643,0.2849162011173177,0.25,0.2638888888888889,0.3175,0.3233082706766917,0.061161364108962314,0.059175167269935235,0.27818371607515646,0.3026455026455026,-0.0001388865496680111,1.2886783191157984,0.24977756482765107,0.000374307333193723,0.22106698483040732,-0.02415134881943935,0.28557393964457045,0.05101578732744096
0.015625000000000354,0.570694087403599,0.4925,0.32214765100671144,0.21787709497206698,0.5444444444444444,0.5277777777777778,0.555,0.5438596491228069,0.02903410272406016,0.02887462981243981,0.544885177453027,0.5354497354497355,0.6110646816818128,-0.3461954693953113,0.24996587332000075,-0.6112044621701059,0.5462757797852393,-0.06013510367130732,0.5859238319540245,0.3076515541323923
0.0,0.6169665809768637,0.585,0.1476510067114104,0.1601489757914342,0.5805555555555555,0.5916666666666667,0.5825,0.5889724310776943,0.02703264711998391,0.022814522320939334,0.5767223382045926,0.5984126984126983,-9.487947551804802e-05,0.13492744441504212,0.18750014454409888,0.0009973931638058095,0.5720981762399863,-0.034781620598869835,0.5986044370080222,0.33752029379142556
0.23263888888888895,0.5012853470437018,0.3925,0.30201342281879057,0.20111731843575448,0.37777777777777777,0.39999999999999997,0.4575,0.47619047619047616,0.10545331669785805,0.0994022156411101,0.41544885177452995,0.44973544973544965,0.00015790175577678342,0.14976161519619507,0.011411428090476836,0.0006824923230006483,0.42551559570478936,-0.09786238056989344,0.45413342669201545,0.18746296072321436
0.0,0.6221079691516709,0.4525,0.20805369127516762,0.12662942271880845,0.575,0.5638888888888888,0.595,0.5789473684210527,0.039587232272822584,0.035044422507405054,0.5808977035490606,0.5703703703703706,-0.00025631152283362406,0.04705292798975448,0.24999982875265148,0.0010123590086496218,0.4844042952104994,-0.030194640446344977,0.5729935580431358,0.2430147424985422
0.23090277777777773,0.46272493573264784,0.5725,0.18791946308724633,0.21601489757914252,0.32499999999999996,0.2972222222222222,0.425,0.39348370927318294,0.11496672904969794,0.1109191620050453,0.3747390396659706,0.34656084656084657,0.0005087662889659577,0.08241111737669336,0.0028065499792736047,0.00042508055732986297,0.42389636952445875,-0.46949720254906196,0.31735393304415466,0.19684614745657728
0.15808823529411767,0.390745501285347,0.545,0.3288590604026843,0.22160148975791435,0.37777777777777777,0.38888888888888884,0.4175,0.43358395989974935,0.05159596589727599,0.04834375342766268,0.3966597077244257,0.4216931216931216,0.0008167661402688607,-0.010282547963722213,0.0011136215675816893,0.00011943320231503504,0.501789671041418,-0.16338342352360732,0.44278771937188327,0.2639510647019141
0.18750000000000006,0.5424164524421593,0.445,0.3825503355704695,0.21601489757914427,0.43333333333333335,0.41666666666666663,0.4725,0.46115288220551376,0.05120607194842895,0.05188110123944132,0.4514613778705636,0.4370370370370371,0.863347731458435,0.36895842039726295,0.0019333547275822043,0.0007941670039634173,0.48363729333560584,-0.06300290997620125,0.5242905679272658,0.24183378972005998
0.07291666666666666,0.5475578406169666,0.585,0.3087248322147612,0.26443202979515656,0.5166666666666667,0.5166666666666667,0.555,0.5789473684210527,0.07491162403826036,0.07779423055829685,0.5328810020876822,0.5640211640211638,-0.00020171104036833672,0.6204247983615673,0.24995392298449878,0.000851650766986727,0.50298278506903,-0.06567291649243397,0.5534210520088614,0.26186868920415535
0.0,0.5552699228791774,0.5975,0.4194630872483268,0.3705772811918044,0.5027777777777778,0.7555555555555555,0.54,0.7719298245614035,0.06350072780204281,0.06369968191291012,0.5177453027139872,0.7502645502645503,-0.00026395290158137496,0.2691544547449269,0.24999136271344505,0.000989598775172402,0.5844554286688255,-0.039177375844269086,0.6878139267067734,0.35320880265634175
0.45703125000000017,0.7043701799485862,0.75,0.45973154362415874,0.6573556797020483,0.5972222222222222,0.6277777777777777,0.7,0.7518796992481203,0.21592326887086782,0.2254579357244711,0.6503131524008348,0.7042328042328042,-0.6111873697768989,-0.402863085070651,0.2499577122998602,0.6133374460384915,0.6408726776887675,-0.29960992864561237,0.6095047183451306,0.42949381526549757
0.16458333333333333,0.6606683804627249,0.5425,0.43959731543624053,0.25884543761638773,0.513888888888889,0.5333333333333333,0.5825,0.5889724310776943,0.09885111249740071,0.10154107710869807,0.5360125260960331,0.5698412698412698,0.00031024250200940834,0.025671195008644683,0.004766168643578351,0.0007694458119196573,0.611300494290097,-0.15427754034757873,0.5516399266804013,0.38998733533723273
0.42187500000000006,0.6863753213367609,0.5425,0.3691275167785247,0.36312849162010963,0.5777777777777778,0.5777777777777778,0.655,0.6365914786967418,0.12507797878977012,0.09904573872984651,0.6189979123173275,0.601058201058201,-0.00011672883728329258,0.25747619134598415,0.2499921864757783,0.0009796417044484454,0.5785750809613089,-0.09744890705278023,0.6350480765028573,0.34523383744874925
0.0,0.49614395886889456,0.5275,0.416107382550337,0.26443202979515756,0.4888888888888889,0.4888888888888889,0.545,0.5288220551378445,0.06979101684341837,0.0714873313589991,0.5271398747390394,0.5137566137566137,-0.00012496145497758562,0.05368941992642989,0.3124817505488479,0.0009274804051449422,0.4945457644452019,-0.05376398128723947,0.5455005029738527,0.2515618255639844
0.275735294117647,0.1773778920308483,0.3,0.38926174496644445,0.23836126629422585,0.11666666666666665,0.14722222222222223,0.25,0.2706766917293233,0.15406009565398074,0.14080837994954362,0.184759916492693,0.22222222222222218,0.0001607922947871752,3.139875847788725,0.0014300297253774473,0.0004816705480046755,0.2844724731549343,-0.12582692951068972,0.34584517051341895,0.08781485341225012
0.17187499999999997,0.455012853470437,0.4525,0.41946308724832326,0.24208566108007673,0.4583333333333333,0.4361111111111111,0.57,0.5363408521303258,0.1706955708047415,0.17618185806734715,0.5198329853862214,0.48941798941798964,0.00024576472055065277,0.1321985565109888,0.01210221148105765,0.0007293574054336431,0.4783535026418953,-0.16234722226780776,0.4837557639899026,0.23943906324200898
0.0,0.35732647814910024,0.455,0.3020134228187919,0.17318435754189956,0.38888888888888884,0.37222222222222223,0.445,0.42606516290726815,0.056794551881888186,0.057502467917077985,0.4175365344467638,0.39999999999999986,-0.00013262685505649062,0.1408552677529944,0.2500322506166204,0.0006761428524477214,0.37634225328106347,-0.026834845478069757,0.45058424863906,0.1458280002533066
0.11328125,0.6915167095115681,0.62,0.49664429530201243,0.4916201117318418,0.5472222222222222,0.5555555555555556,0.6375,0.6390977443609022,0.1869671449365771,0.17020401447844635,0.5835073068893527,0.6222222222222223,0.00036949966108555665,0.0859448937072042,0.0011765345869464514,0.0008286279267246448,0.6098517129708538,-0.2302699166212308,0.5694683379671838,0.3886618384064492
0.0,0.2699228791773779,0.4225,0.08724832214765095,0.06703910614525124,0.46944444444444444,0.35555555555555557,0.5125,0.40601503759398494,0.053207527552505775,0.04957771196665602,0.480688935281837,0.38253968253968246,-0.0002247532606992336,1.02674762217293,0.24986300617916832,0.0005240877574166845,0.30952786773478774,-0.03149998076461529,0.41466438907628594,0.10057064288319925
0.3147321428571428,0.41388174807197947,0.5825,0.09731543624161004,0.0726256983240248,0.39999999999999997,0.44722222222222224,0.5175,0.5513784461152882,0.16045435641505526,0.14843150159043597,0.46033402922755723,0.5068783068783068,-0.006383062038474881,1.879366451690403,-0.0011820291199838495,0.0071761391448226354,0.46182035111641373,-0.36307049711649786,0.41853786034199797,0.23132755126448704
0.22301136363636365,0.6555269922879177,0.5075,0.5436241610738266,0.3780260707635004,0.4361111111111111,0.4666666666666666,0.5575,0.5664160401002506,0.18436785194426955,0.17557858944828172,0.48695198329853845,0.5301587301587302,0.0010977366412687141,0.021868255943066236,0.0010218281205359656,2.094794256051218e-05,0.5281234020794272,-0.35645742516422657,0.42056668523537366,0.3004699927882242
0.05208333333333335,0.23136246786632392,0.265,0.06040268456375789,0.10242085661080068,0.26111111111111107,0.26666666666666666,0.2725,0.2731829573934837,0.010579122478685778,0.008692552374684607,0.2640918580375781,0.2756613756613756,6.896928451104927e-05,0.1182171928290088,0.008257987591341382,0.0003965407061129391,0.2503835009374467,-0.06758010319511377,0.25503536943262844,0.06488291861473659
0.0,0.4987146529562982,0.455,0.12080536912751623,0.09124767225325951,0.5527777777777778,0.49722222222222223,0.5375,0.48621553884711777,0.011124974007070076,0.011160469452670338,0.5417536534446762,0.49417989417989394,-9.338339187487521e-05,0.47376683753413307,0.2499743153950057,0.000814710310093472,0.4811658428498381,-0.012399901618580893,0.5708956741434786,0.23712227768553343
0.0,0.29820051413881743,0.32,0.043624161073825704,0.08752327746741162,0.3222222222222222,0.31666666666666665,0.32,0.3182957393483709,0.0073300062383031914,0.007348908632225528,0.3188935281837159,0.31587301587301586,-4.611978893105282e-05,0.7153160099186003,0.2499373460150807,0.000524664681369248,0.30986875745696263,-0.01816565010517688,0.33716498510961596,0.09875664919348065
0.20089285714285704,0.4858611825192802,0.5675,0.318791946308727,0.2551210428305384,0.5277777777777778,0.5194444444444445,0.55,0.5488721804511277,0.048268870867124204,0.046396841066140164,0.53705636743215,0.5269841269841269,-0.0001250334788709444,0.13386099048397584,0.2499944408833366,0.0008857059084838047,0.4985512186807567,-0.06478938867154478,0.5043169929007735,0.2577538686475639
0.26909722222222215,0.3341902313624679,0.5075,0.19798657718120719,0.17318435754190079,0.27499999999999997,0.18055555555555555,0.36,0.2731829573934837,0.08070804741110485,0.08492376878359126,0.31315240083507284,0.23227513227513222,0.00046739716067629804,0.06728533178754129,0.12370846543952789,0.0003160143270576897,0.36560422703255496,-0.49284091479153996,0.2495011039052333,0.15088462128181754
0.16105769230769232,0.3727506426735218,0.4575,0.5536912751677862,0.3910614525139653,0.22777777777777775,0.23888888888888887,0.315,0.3383458646616541,0.09336660428363451,0.09849731271251456,0.2693110647181628,0.30105820105820114,0.0006032644740331749,0.12318637361724309,0.0015138408131006253,0.00028202599784687125,0.30168740412476563,-0.37829108540707185,0.24677955630634132,0.10277170931838699
0.13749999999999998,0.5578406169665809,0.515,0.3691275167785229,0.25884543761638673,0.5277777777777778,0.5166666666666667,0.5625,0.5438596491228069,0.049724474942815795,0.041762641219699546,0.5412317327766175,0.5280423280423279,0.00011220689498305733,0.15133061991171526,0.013834078882356233,0.0008590052209769634,0.5227543889551729,-0.08508704753354421,0.5311553007822426,0.28253433860627963
0.255859375,0.6966580976863753,0.53,0.553691275167787,0.6685288640595904,0.41666666666666663,0.4583333333333333,0.555,0.556390977443609,0.29637138698274107,0.15940002193704056,0.5057411273486428,0.5492063492063491,0.4935842577755567,-0.1589302660466038,0.0017872980928940174,-0.4933612735520245,0.6066984830407363,-0.22505956313679298,0.5143694964259337,0.3868801656901436
0.07031249999999989,0.2262210796915167,0.405,0.18456375838926123,0.16014897579143345,0.33888888888888885,0.3472222222222222,0.395,0.40601503759398494,0.06142129340819262,0.06260282987824928,0.36116910229645083,0.3873015873015873,-0.00028985681723741957,0.5828000697098604,0.24995959750537214,0.0005157302703914732,0.304584966763252,-0.05505359029190877,0.37766438075369185,0.09886405445775177
0.07451923076923078,0.4987146529562982,0.535,0.20805369127516762,0.24581005586592164,0.4527777777777777,0.4305555555555556,0.535,0.5187969924812029,0.11826783114992782,0.12153120544038705,0.4958246346555322,0.47142857142857153,0.61104562799088,-1.3550502722769187,0.24967121631052056,-0.6112966296384891,0.480569285836032,-0.11631359101840341,0.5114229564512608,0.23938381981428622
0.020000000000000004,0.2647814910025707,0.2725,0.08724832214765095,0.04841713221601505,0.25833333333333336,0.2638888888888889,0.2625,0.2681704260651629,0.006758161779995836,0.006361741801031016,0.25835073068893516,0.2693121693121693,4.116453534127227e-05,0.0446282902926797,0.013487700097793813,0.0004179283941816527,0.26538264871314127,-0.033102676732575026,0.2704155407637378,0.07272945309372895
0.020833333333333353,0.33676092544987146,0.3625,0.043624161073823914,0.07262569832402258,0.3805555555555556,0.3833333333333333,0.3625,0.3634085213032581,0.0033011021002287205,0.0028243939892508463,0.36743215031315235,0.37671957671957684,-3.286929785230138e-05,0.3036116028457479,0.2499895525246005,0.0005783513203876435,0.34157150161922617,-0.009306812498636408,0.35198287341469325,0.12039275277046962
0.2624999999999999,0.34704370179948585,0.3625,0.0838926174496643,0.050279329608937995,0.3611111111111111,0.35833333333333334,0.3625,0.3558897243107769,0.01005926388022459,0.00885708017988374,0.35960334029227553,0.3560846560846561,0.00015444120880819253,0.18482424644719808,0.013413285417842358,0.0005848232380435293,0.35145730356229754,-0.015200787119577928,0.40302766092385134,0.1266242356207491
0.29000000000000004,0.30591259640102825,0.4025,0.5033557046979888,0.40223463687150746,0.19999999999999998,0.19999999999999998,0.39,0.40350877192982454,0.3442243709710961,0.3486618405177146,0.28549060542797483,0.33597883597883604,0.0,0.0,0.0,0.0,0.4798022839611385,-0.5265448035133705,0.36932230879407363,0.25819351709289123
0.12946428571428562,0.5681233933161953,0.5425,0.24496644295301956,0.13966480446927232,0.5472222222222222,0.5527777777777778,0.5575,0.5664160401002506,0.032803077562903356,0.03381046396841102,0.5448851774530271,0.5677248677248679,-0.6111655287258643,-0.3419072909355176,0.24996653810265487,0.6131454386700037,0.5403954320777228,-0.04566087932839916,0.5544192167567716,0.3016047141520071
0.06875000000000003,0.6246786632390746,0.66,0.2248322147650996,0.1899441340782123,0.675,0.6833333333333333,0.6725,0.681704260651629,0.03288105635267168,0.03309751014588093,0.66544885177453,0.68994708994709,0.0021707077925761857,0.4117940917752588,0.0003705403916761677,0.0009192412497722052,0.6188852906084881,-0.10677837069823999,0.6056862235605217,0.39707355980109643
0.0,0.6503856041131104,0.5775,0.2818791946308733,0.2607076350093102,0.5361111111111111,0.5416666666666666,0.5775,0.5839598997493735,0.07688708671241508,0.06685313151255935,0.5521920668058453,0.580952380952381,-0.0001746333046648322,0.8309970608698872,0.24991328294788387,0.0009015766096040276,0.5324697460371569,-0.03673121870090899,0.6154388550050869,0.2919290494258645
0.2142857142857143,0.5655526992287918,0.54,0.42281879194630856,0.2905027932960888,0.49722222222222223,0.5027777777777778,0.5325,0.5413533834586466,0.05978373882304022,0.05698146320061425,0.5088726513569936,0.5354497354497354,0.0001084634384461795,0.13919627781214963,0.010352057277456495,0.0008588182282118,0.5259928413158342,-0.07490734160138063,0.5330043218458173,0.28619301504698835
0.20588235294117652,0.5269922879177378,0.6925,0.46308724832214854,0.27746741154562315,0.4861111111111111,0.5083333333333333,0.59,0.6165413533834586,0.18104075691411964,0.1754140616430846,0.5349686847599162,0.5798941798941799,0.0003529473495629761,0.10006896356840445,0.006451446508621017,0.0007708876842340896,0.5569285836032042,-0.39537922029003875,0.5073687055155613,0.3277772636024691
0.10937500000000011,0.40359897172236503,0.3125,0.36577181208053755,0.35195530726256846,0.3666666666666667,0.3611111111111111,0.3925,0.38847117794486213,0.03007381992098153,0.030245694855763953,0.3804801670146136,0.3714285714285714,-0.00011555552954268096,0.41969523933263403,0.24998001383216945,0.0005450182585596932,0.321885120163627,-0.03675314991943321,0.368944043317867,0.10707640363849939
0.15625,0.570694087403599,0.6575,0.6006711409395958,0.4729981378026063,0.6527777777777778,0.6638888888888889,0.73,0.731829573934837,0.1689020586400499,0.13112866074366608,0.6847599164926929,0.7216931216931218,0.0,0.0,0.0,0.0,0.6823760013635587,-0.2862639293054655,0.6360592161813118,0.4883176733256375
0.0,0.5629820051413882,0.7525,0.16442953020133969,0.299813780260707,0.6555555555555556,0.6388888888888888,0.7525,0.7343358395989975,0.19164587232272814,0.202177251288801,0.711377870563674,0.6835978835978835,-0.0005990109742075122,0.7213915813033834,0.24993534016409116,0.0007089400017730494,0.41869780126129186,-0.06535694712149397,0.6239009206474625,0.19652580110374832
0.302734375,0.5115681233933161,0.37,0.14765100671140907,0.13966480446927604,0.35833333333333334,0.33888888888888885,0.4975,0.46616541353383456,0.20776148887502635,0.20017549632554585,0.43423799582463424,0.39947089947089925,0.0003797625456081633,2.298427796621024,0.000745353824426212,0.0007711207695633471,0.4554286688256349,-0.4019393439427673,0.43988571886760186,0.22525961448667467
0.14285714285714285,0.5604113110539846,0.685,0.2852348993288586,0.17504655493482274,0.513888888888889,0.5277777777777778,0.5675,0.5839598997493735,0.08351528384279497,0.08678841724251421,0.5334029227557407,0.566137566137566,0.0,0.0,0.0,0.0,0.6608999488665416,-0.30812525727534645,0.5911140477569098,0.4598337331777828
0.16875,0.3676092544987146,0.35,0.12751677852348955,0.4729981378026063,0.3611111111111111,0.3638888888888889,0.4225,0.42355889724310775,0.09859118319817002,0.08673357464078078,0.3851774530271396,0.4089947089947089,0.0001126252864556157,0.05781141928885491,0.01658674034877283,0.0005394473066114654,0.36500767001874884,-0.09210401082397716,0.3433598096953927,0.13880128105088133
0.07812500000000014,0.365038560411311,0.3625,8.94139348691403e-16,0.266294227188083,0.39444444444444443,0.39444444444444443,0.3625,0.3558897243107769,0.0004678727386151012,0.0,0.37212943632567824,0.37566137566137564,8.347140921915292e-05,0.18488071235006714,-0.015507402876513076,0.0005322851622329062,0.3604908811999317,-0.01710709491292694,0.35775846615834167,0.13437003197093178
0.0,0.6272493573264781,0.225,0.28859060402684483,0.22532588454376334,0.46944444444444444,0.49722222222222223,0.545,0.5739348370927319,0.10365980453316777,0.10442031369968223,0.5052192066805842,0.5439153439153438,-0.0005209250868667981,0.3545083362395655,0.2499852709587098,0.0006103841615116864,0.3604908811999317,-0.058704509606783334,0.513368102444199,0.14570546369990967
0.32812499999999994,0.755784061696658,0.6025,0.4899328859060427,0.2886405959031663,0.5888888888888889,0.6277777777777777,0.68,0.706766917293233,0.14290912871698908,0.14500383898212113,0.6278705636743211,0.6735449735449736,-0.00013344265445040226,0.5752764748215736,0.249961035564999,0.001066222090431008,0.6297085392875403,-0.13146939207053185,0.6352853658266073,0.41150646154099485
0.062499999999999986,0.4215938303341902,0.3775,0.2751677852348995,0.16759776536312773,0.3611111111111111,0.37222222222222223,0.4,0.41102756892230574,0.040081097941360146,0.041351321706701895,0.375260960334029,0.39841269841269833,0.6110737438737368,-1.2699828288807637,0.24970819113376966,-0.6115216180464409,0.3643258905743991,-0.0894699335312316,0.4006347506340465,0.137068800319877
0.34722222222222215,0.3856041131105398,0.23,0.4731543624161076,0.3538175046554939,0.19999999999999998,0.18055555555555555,0.3425,0.3157894736842105,0.18317217716781062,0.17941757156959542,0.2787056367432149,0.24444444444444446,0.00022359298415589653,1.9999630673211268,0.0005562685656148637,0.0004652200879417648,0.27475711607295034,-0.2689975031891763,0.2085675747419009,0.08258826474125831
0.1525735294117647,0.493573264781491,0.43,0.3624161073825518,0.3091247672253252,0.40555555555555556,0.40277777777777773,0.5025,0.48120300751879697,0.13716469120399263,0.11859712624766929,0.45720250521920636,0.43386243386243367,0.00025120364716793396,0.1373766198162327,0.008303726617477507,0.0006636244865353115,0.4367649565365603,-0.14908911691355878,0.4434203826837448,0.19939545652309992
0.0798611111111111,0.4215938303341902,0.4,0.23154362416107335,0.18249534450651878,0.3972222222222222,0.3972222222222222,0.4025,0.40350877192982454,0.016583489290912957,0.016096303608643267,0.3924843423799581,0.4068783068783068,-0.6111752603157465,-0.11401317760576925,0.24998922899809667,0.6128958823097361,0.38725072439065955,-0.06726098928113419,0.39018778497887646,0.15507171281380758
0.046874999999999695,0.39331619537275064,0.54,0.27181208053691464,0.19925512104283002,0.4666666666666666,0.4888888888888889,0.52,0.5388471177944861,0.06524225410688322,0.06753866403422187,0.4879958246346553,0.5195767195767196,-0.00014869741307823624,1.3551640816020836,0.24975251615111674,0.0007304390977015306,0.4313959434123061,-0.04883027460711484,0.5036550720070851,0.1923653699736349
0.28124999999999994,0.1799485861182519,0.405,0.050335570469798356,0.4376163873370579,0.3111111111111111,0.3361111111111111,0.4025,0.41604010025062654,0.10480349344978189,0.1016781836130306,0.3517745302713986,0.38518518518518513,-0.0002696894194885413,0.6747051455901513,0.24994458476133738,0.0004386690211448703,0.259076188852906,-0.04936212933339326,0.35684587335357854,0.07165374476723398
0.11624999999999999,0.3393316195372751,0.4625,0.10402684563758426,0.1601489757914332,0.3472222222222222,0.3666666666666667,0.39,0.40852130325814534,0.04203056768558904,0.03913019633651343,0.36847599164926914,0.39365079365079364,0.0003867070331980356,0.11793680846296564,0.001970890337410692,0.0004445328829353935,0.35401397647860905,-0.2837872125140552,0.3000183644173762,0.13462719149449784
0.0875,0.24421593830334187,0.2,0.10738255033557025,0.08007448789571672,0.20555555555555555,0.25,0.2125,0.2531328320802005,0.00603035974215013,0.005840737084567213,0.20824634655532348,0.25238095238095243,0.0,0.0,0.0,0.0,0.23581046531447075,-0.10966288654599302,0.24055333467526474,0.058551435132314235
0.10817307692307691,0.39845758354755784,0.375,0.14765100671140863,0.11731843575418949,0.37222222222222223,0.35833333333333334,0.385,0.37593984962406013,0.018532959035142422,0.018180322474498193,0.37473903966597055,0.36666666666666664,0.00012843428433901942,0.1071638664440887,0.005941617037131843,0.0005130367553811409,0.3373103800920402,-0.1464267768450927,0.32411540536353584,0.11861738577363805
0.14648437500000003,0.6760925449871464,0.5925,0.2550335570469809,0.31098696461824865,0.5666666666666667,0.5916666666666667,0.63,0.631578947368421,0.09427635683094217,0.07754743885049925,0.5902922755741123,0.6232804232804231,-0.007432436445966127,-0.8037172554426038,0.009455567269501294,0.00847366002730794,0.6072950400545422,-0.16832053961774165,0.5630009123718741,0.38494043436689335
0.10937500000000011,0.6735218508997429,0.365,0.4194630872483215,0.3389199255121033,0.5888888888888889,0.6055555555555556,0.6425,0.656641604010025,0.09222291536702037,0.09317758034441183,0.6069937369519832,0.6417989417989419,-0.0004054014191178987,0.8640605100428208,0.24990522104503265,0.0008278390443996734,0.4889210840293165,-0.12218558242067026,0.5946878546986923,0.2526928133634829
0.15384615384615385,0.365038560411311,0.5175,0.42281879194630995,0.23836126629422835,0.4555555555555555,0.4361111111111111,0.545,0.5187969924812029,0.12247868579746192,0.11750027421300763,0.5015657620041751,0.47619047619047616,0.000520134657321099,0.11891791473694209,0.0014101167326878927,0.0005282908032990593,0.43506050792568596,-0.3292581563545925,0.40148332729557773,0.20221715442478005
0.0859375,0.3547557840616966,0.3175,0.4697986577181223,0.48230912476722504,0.24722222222222223,0.23888888888888887,0.3525,0.3182957393483709,0.10376377625285933,0.08081057365361415,0.30062630480166996,0.2756613756613756,0.00019462942495873878,0.01545050496790425,0.00919205028497101,0.0003665664933755417,0.32086245099710237,-0.0889248842245113,0.26909750399348764,0.10808966303261387
0.17968750000000017,0.41388174807197947,0.3175,0.5234899328859017,0.292364990689012,0.33888888888888885,0.24166666666666667,0.4025,0.3132832080200501,0.07537949677687673,0.0601897554019952,0.37317327766179503,0.27777777777777746,0.6109213747804235,-1.2133447898763094,0.24973127786580618,-0.6113871651073044,0.3535878643258905,-0.17428362238310244,0.3922440171605108,0.13448958694435934
0.20052083333333334,0.20308483290488433,0.185,0.14093959731543887,0.2104283054003722,0.19444444444444442,0.21944444444444444,0.2925,0.3208020050125313,0.09799334580993926,0.09701656246572274,0.24530271398747383,0.2793650793650794,0.0010866205196430562,0.18252145848223458,0.0012408676458491882,0.00022030145801357873,0.22950400545423552,-0.2711524788212848,0.21829361871225075,0.061774873859559605
0.27083333333333337,0.4858611825192802,0.4325,0.2651006711409413,0.3891992551210426,0.39999999999999997,0.39999999999999997,0.47,0.46616541353383456,0.11743605739238944,0.10200723922342886,0.43684759916492677,0.4206349206349207,-0.611149739958914,-0.7494578110557109,0.24988580897234366,0.6129638230946488,0.44247485938298947,-0.15013417090410053,0.43148636875038876,0.203508413843448
0.06971153846153848,0.42673521850899737,0.3525,0.25838926174496846,0.29981378026070776,0.3333333333333333,0.34444444444444444,0.3975,0.41604010025062654,0.08949365772509868,0.08053636064494872,0.36691022964509384,0.3962962962962962,0.00021543827239927347,0.12888220396605357,0.008374138976887026,0.0005126670121269318,0.3465996250213056,-0.16296484997130875,0.3258564157670873,0.12632391402935686
0.0,0.2544987146529563,0.23,0.7248322147651034,0.4357541899441328,0.175,0.15,0.295,0.2781954887218045,0.14407881056352673,0.1362016014039706,0.23643006263048014,0.20582010582010588,-0.6111342132275656,-1.121171345461993,0.24976749039213195,0.6125582297081529,0.21211862962331682,-0.06137374277922088,0.2637634878679595,0.046825428174029404
0.28125,0.7609254498714653,0.6925,0.3322147651006683,0.4078212290502793,0.41666666666666663,0.5888888888888889,0.53,0.6942355889724311,0.16471719692243764,0.173659098387628,0.4770354906054277,0.6465608465608463,0.0005618530175085872,0.030946088595056338,0.00397054761213034,0.0006225018594421277,0.6429180160218169,-0.3403176977134303,0.5377323489568491,0.43764515294038187
0.14423076923076927,0.29048843187660667,0.3275,0.2785234899328857,0.1787709497206704,0.38888888888888884,0.37777777777777777,0.48,0.43107769423558895,0.11457683510085154,0.057913787430074956,0.42118997912317313,0.3973544973544974,0.001313915587128044,0.20910152184348618,0.0011012052339841405,0.00047069076327779823,0.355888869950571,-0.20018482283773886,0.3474424277721085,0.13546337504301942
0.14620535714285715,0.5681233933161953,0.49,0.23489932885905823,0.19366852886405844,0.40555555555555556,0.4583333333333333,0.5225,0.5488721804511277,0.1609742150135164,0.12778326203795093,0.468162839248434,0.5132275132275131,1.1383258425098042,-0.9816513547010642,0.00031396670992653075,-1.139023814519023,0.5922106698483041,-0.17672392074107487,0.5214639873033265,0.36825772661243833
0.0,0.2236503856041131,0.265,0.04697986577180968,0.0316573556797018,0.34444444444444444,0.3277777777777778,0.3775,0.3558897243107769,0.02867020170513618,0.023911374355599372,0.3559498956158662,0.3433862433862433,-0.0001826812128678103,0.6228963321027676,0.24995346483523037,0.0003999937516881259,0.23623657746718932,-0.020745569541466787,0.31802774056540434,0.05835120088871452
0.0,0.15167095115681234,0.1775,0.14093959731543687,0.15642458100558607,0.17777777777777778,0.18888888888888888,0.215,0.22305764411027568,0.020482428779372012,0.02023692003948667,0.19415448851774522,0.21005291005291005,-5.2018420331946365e-06,1.105274371500021,0.24983973276035948,0.00028052189947405,0.1656724049769899,-0.010100573336044619,0.1920947226136714,0.028293552074637775
0.0,0.5218508997429305,0.5125,0.13087248322147846,0.22718808193668544,0.575,0.5638888888888888,0.62,0.6040100250626567,0.07660116448326092,0.06723702972469056,0.5944676409185802,0.5788359788359787,-4.383574041629854e-05,1.082683701094859,0.24984680762113098,0.0008802111429641933,0.5198568263166865,-0.021165130633356153,0.5949399108833453,0.27779594001465785
0.17187499999999994,0.3727506426735218,0.4375,0.29194630872483146,0.2104283054003722,0.37777777777777777,0.4111111111111111,0.4625,0.47368421052631576,0.10223019338739876,0.07587473949764179,0.4217118997912316,0.4555555555555556,0.6110587455820682,-0.6170871978840855,0.24991751347217048,-0.6114151081951483,0.418356911539117,-0.06597776836262681,0.43569093223198296,0.18169989778337034
0.0,0.36246786632390743,0.46,0.36912751677852157,0.21601489757914277,0.1611111111111111,0.18888888888888888,0.2725,0.2907268170426065,0.11273133707631071,0.11097400460677431,0.21450939457202475,0.24814814814814792,0.6108129708377634,-0.5698793985194859,0.249927040646932,-0.611277850784779,0.35401397647860905,-0.18284940513113615,0.46102040905870495,0.13928128549352314
0.15625000000000014,0.6786632390745502,0.58,0.22483221476510049,0.1936685288640587,0.6333333333333333,0.6305555555555555,0.68,0.6616541353383458,0.07634123518403092,0.07313260941099185,0.659707724425887,0.6449735449735449,-0.00014121856272006144,0.8572490889116864,0.2499073086706259,0.0010089364589826136,0.5958752343616839,-0.0824027367681782,0.6625456746680916,0.3663613451108131
0.078125,0.2544987146529563,0.215,0.20805369127516762,0.1657355679702049,0.225,0.225,0.245,0.24310776942355888,0.01577770846329791,0.016233410112975723,0.2395615866388308,0.2349206349206349,0.0,0.0,0.0,0.0,0.23674791205045165,-0.028109360801071428,0.23474988520847634,0.058001539401646776
0.1853448275862069,0.2210796915167095,0.5525,0.43624161073825635,0.24767225325884806,0.18055555555555555,0.19444444444444442,0.285,0.2982456140350877,0.11839779579954254,0.1145387737194252,0.22964509394572014,0.2613756613756613,0.0007990764110572438,0.043467445390284326,0.0014315670013466913,0.0001640506643128354,0.4486108743821373,-0.37809325710670993,0.3408534847596716,0.21979550193286582
0.0,0.34190231362467866,0.3025,0.3087248322147661,0.19925512104283002,0.32499999999999996,0.32499999999999996,0.35,0.3408521303258145,0.02438136826783118,0.021032137764615585,0.34081419624217113,0.3354497354497355,3.4304475872698017e-06,0.3538244702538643,0.2499859799275983,0.0005402599458408712,0.3190727799556843,-0.02186707616232053,0.3411189022795686,0.10493828219845093
0.0,0.3496143958868895,0.34,8.94139348691403e-16,0.16201117318435837,0.37777777777777777,0.37777777777777777,0.34,0.3408521303258145,0.0,0.0,0.35490605427974936,0.3597883597883597,-0.6111635316468507,-0.06889728534905086,0.2499918223391596,0.6128086649428185,0.34267939321629454,-0.02726440628421224,0.33857881803574147,0.12151682618934889
0.12890625,0.5655526992287918,0.565,0.33557046979865895,0.5288640595903151,0.5222222222222221,0.48333333333333334,0.595,0.5664160401002506,0.10610313994593472,0.10666886037073577,0.5527139874739035,0.5264550264550264,0.0,0.0,0.0,0.0,0.5468723367990453,-0.17146474480849722,0.536947986436432,0.3119701574245839
0.14945652173913043,0.6503856041131104,0.73,0.4630872483221503,0.31284916201117213,0.6027777777777777,0.625,0.6725,0.6791979949874686,0.1144208775213147,0.10145881320609913,0.6294363256784967,0.6666666666666667,0.00036789561244724973,0.08690569318836239,0.003619934644273286,0.0008178857279550342,0.6032043633884437,-0.37104533535576467,0.5330532098336551,0.383731868052999
0.15301724137931033,0.2596401028277635,0.2825,0.2281879194630878,0.15642458100558557,0.37222222222222223,0.3666666666666667,0.435,0.40852130325814534,0.06984300270326396,0.050647142700449184,0.3997912317327765,0.38306878306878306,0.0,0.0,0.0,0.0,0.32819158002386223,-0.1992116512364163,0.3179702250090577,0.11641359875878407
0.14062500000000014,0.18766066838046272,0.2575,0.2583892617449667,0.1899441340782118,0.175,0.19166666666666665,0.25,0.2581453634085213,0.06329278436265336,0.05580234726335419,0.21137787056367421,0.23544973544973544,0.0,0.0,0.0,0.0,0.22754388955172997,-0.038847828088290785,0.24137771024433674,0.05378326479628406
0.2812499999999999,0.6812339331619537,0.695,0.312080536912751,0.23463687150837947,0.6916666666666668,0.6388888888888888,0.7125,0.656641604010025,0.05674256602204201,0.04752111440166694,0.7061586638830895,0.6497354497354493,-0.00037509140182554525,0.09561473466902978,0.0025605350004397633,0.0011784889570989204,0.5830918697801261,-0.030128681012021128,0.6587481174229866,0.3527475269812382
0.1250000000000001,0.37532133676092544,0.4325,0.1744966442953019,0.17877094972066865,0.41388888888888886,0.4111111111111111,0.4325,0.42857142857142855,0.029943855271366226,0.028847208511571878,0.423277661795407,0.4158730158730159,-0.00020054873050717785,0.6395703952861685,0.2499507164726015,0.0005910460513299384,0.34907107550707334,-0.046240345688918875,0.413741968467164,0.12681982470855932
0.298076923076923,0.7583547557840618,0.6275,0.5805369127516767,0.36499068901303555,0.5333333333333333,0.5805555555555555,0.6975,0.7092731829573935,0.30593678519442835,0.27783262037951256,0.6054279749478078,0.6619047619047619,0.0014234560494092812,0.04539606011457831,0.0011122764819490973,0.00019898817209089114,0.7231123231634564,-0.6477749989561563,0.5423808224496949,0.5714547481625669
0.0,0.2699228791773779,0.2175,0.1677852348993286,0.13966480446927357,0.2972222222222222,0.32499999999999996,0.365,0.38345864661654133,0.06243501767519222,0.057036305802347295,0.33089770354906045,0.35978835978835977,-0.00012621443483603362,0.30034270951093234,0.24998964311005956,0.0003904751053057887,0.2306118970513039,-0.030722658074640235,0.3080471664750498,0.055378386910354085
0.24553571428571425,0.38817480719794345,0.49,0.5033557046979862,0.3891992551210416,0.4555555555555555,0.4555555555555555,0.5075,0.5087719298245613,0.07738095238095231,0.07645058681583844,0.4728601252609603,0.49365079365079384,0.00015008311258788177,0.10174230758771013,0.024699269064520468,0.0007005972150203872,0.4561956707005283,-0.1581000392657529,0.44603403673071074,0.2163586297838055
0.0,0.2107969151670951,0.225,0.023489932885905958,0.0242085661080074,0.2638888888888889,0.2722222222222222,0.275,0.2807017543859649,0.00995529216053237,0.009103871887682372,0.267223382045929,0.27989417989418,-6.0520722549170726e-05,0.40886092552934084,0.2499811084193488,0.00038325474465815374,0.2263507755241179,-0.010619133041377531,0.25858929853696677,0.05269309464843027
0.21875,0.7249357326478149,0.64,0.38590604026845127,0.3091247672253252,0.6333333333333333,0.6499999999999999,0.695,0.7042606516290727,0.1262736535662305,0.10269277174509246,0.6612734864300625,0.6984126984126985,0.00020621758578985515,0.040198848877431234,0.006673802698265559,0.0009037235398311808,0.6293676495653655,-0.21013046073217168,0.6044490193380553,0.41215270393255315
0.05357142857142853,0.5141388174807198,0.47,0.10402684563758292,0.2569832402234655,0.4361111111111111,0.425,0.47,0.46616541353383456,0.04751507589935527,0.04724690139300185,0.4525052192066805,0.4402116402116402,0.6110750825948771,-0.6349399147086394,0.2499135630983601,-0.6113489347721454,0.4671041418101244,-0.11864948474021231,0.4859430784746717,0.2258995169441828
0.0,0.3213367609254499,0.325,0.12080536912751667,0.12476722532588524,0.4444444444444445,0.43333333333333335,0.49,0.46616541353383456,0.050634227490122745,0.04464187781068338,0.4655532359081418,0.45079365079365075,-0.00011239345983696333,0.9657724743362277,0.249880002405925,0.0005878716729755693,0.34719618203511154,-0.030918258663862257,0.41165078208004363,0.12453706581870863
0.15451388888888892,0.5295629820051414,0.55,0.24161073825503157,0.16573556797020503,0.39444444444444443,0.41944444444444445,0.445,0.46115288220551376,0.04982844666250785,0.05256663376110556,0.4144050104384131,0.4423280423280423,-0.6110561506754368,-1.8366967771247882,0.0005748967277061353,0.6128741111036009,0.4448610874382137,-0.2343062418248833,0.3812736968496757,0.2091318449633383
0.3124999999999995,0.6683804627249358,0.9025,0.2348993288590618,0.6573556797020453,0.7638888888888888,0.7222222222222222,0.8875,0.8621553884711779,0.3048190892077365,0.29291433585609455,0.8215031315240081,0.7825396825396826,-0.0008833728661601611,0.6113304171541847,0.2499538369563698,0.0007927703225749642,0.4682120334071927,-0.08508635231310638,0.7182426274327953,0.2624348576393222
0.10416666666666677,0.6966580976863753,0.73,0.10067114093959625,0.1862197392923644,0.7583333333333333,0.7638888888888888,0.73,0.731829573934837,0.018117072156373423,0.014944608972249588,0.7364300626304798,0.7566137566137566,-7.712911638809778e-05,0.11420300958024575,0.24988044465524642,0.0012240780582144929,0.7039372762911197,-0.02888032880385611,0.7371894044451659,0.5106655812801608
0.09374999999999972,0.41645244215938304,0.51,0.35234899328858915,0.1955307262569824,0.5111111111111111,0.5166666666666667,0.5125,0.5137844611528821,0.021704096485755765,0.017412526050235817,0.5062630480167012,0.5238095238095237,-0.00013313805600043252,0.779924988075695,0.24992439410106668,0.0007301502068786126,0.43122549855121856,-0.0411241461299473,0.48492171905436093,0.19176518199936404
0.24166666666666664,0.32390745501285345,0.55,0.3892617449664438,0.2774674115456217,0.475,0.4555555555555555,0.5325,0.5187969924812029,0.08130588479933408,0.07905561039815688,0.5020876826722337,0.48306878306878315,-0.6110734934265275,-2.454113512557717,0.001003529169166327,0.6128805173668223,0.438384182716891,-0.24175901527922125,0.37392711993035777,0.20329685251784999
0.06250000000000006,0.5089974293059126,0.405,0.4194630872483206,0.31284916201117313,0.42777777777777776,0.4111111111111111,0.49,0.47619047619047616,0.0831773757537947,0.07590216079850777,0.456680584551148,0.4375661375661375,-8.24351752215789e-05,1.7169063167605967,0.2495921172007381,0.0007584297582091243,0.4479290949377876,-0.04497727856551956,0.515412855569766,0.20701825693957485
0.03492647058823529,0.35732647814910024,0.32,0.04362416107382525,0.08007448789571735,0.3472222222222222,0.3638888888888889,0.33,0.3458646616541353,0.0021314202536909994,0.0022485466710540592,0.33611691022964496,0.3566137566137566,4.430531323659562e-05,0.11501636421888156,0.0051158428619313264,0.0005564296788479737,0.33944094085563314,-0.04758261085414124,0.319793641931006,0.11957735613832414
0.13392857142857137,0.519280205655527,0.4425,0.34228187919463227,0.5214152700186231,0.40555555555555556,0.4722222222222222,0.45,0.506265664160401,0.05471511748804295,0.0505374574969835,0.4331941544885175,0.4984126984126983,0.6110710966633061,-0.3388074680826336,0.2499668010422919,-0.6113661538159635,0.4545764445201977,-0.08935902962873146,0.47510048241206193,0.2137638889237822
0.19531250000000003,0.4524421593830334,0.4175,0.4362416107382525,0.5027932960893852,0.3055555555555556,0.27499999999999997,0.3925,0.3684210526315789,0.09765543772093972,0.10302182735548952,0.3491649269311065,0.3232804232804235,0.6110034070861137,-0.887722364912781,0.2498465518607533,-0.6114270608059184,0.37855803647520025,-0.20059598096072612,0.40500793898161896,0.15187027031642264
0.03125000000000003,0.40616966580976865,0.375,0.1375838926174482,0.08193668528863955,0.40277777777777773,0.40277777777777773,0.395,0.39348370927318294,0.008187772925764267,0.0072118021278929885,0.3966597077244256,0.39523809523809506,0.6111109275138163,-0.018760490658610646,0.249994021710333,-0.6115314497082004,0.38051815237770575,-0.014712513660072899,0.41357974310438594,0.14896083617060923
0.0,0.2570694087403599,0.285,0.187919463087249,0.2216014897579136,0.3111111111111111,0.3027777777777778,0.345,0.3358395989974937,0.030359742150135066,0.028847208511571607,0.3277661795407098,0.316931216931217,-9.769152562891004e-05,0.9631666014556454,0.2498807016673723,0.0004743086519497456,0.2801261291972047,-0.017905737497750235,0.3329228409350523,0.08089844161689833
0.22265624999999994,0.429305912596401,0.3375,0.5033557046979875,0.916201117318436,0.14722222222222223,0.14722222222222223,0.3375,0.3383458646616541,0.5117488043252237,0.5190303828013603,0.26774530271398744,0.2312169312169312,0.00029786681512199327,0.059753884455065416,0.133144483982339,0.0003126473555202602,0.30748252940173854,-0.27639082903540607,0.24613325053621363,0.10286937130876109
0.23828124999999997,0.3856041131105398,0.47,0.30872483221476565,0.2849162011173197,0.39999999999999997,0.41944444444444445,0.4525,0.47117794486215536,0.05762632563942618,0.059586486782932886,0.42223382045929,0.45132275132275135,-6.946539157152533e-05,0.8905805472616656,0.2498992879695226,0.0006578595161305429,0.3885290608488154,-0.08173845637786845,0.39237368831160374,0.15671756907482345
0.33333333333333326,0.32904884318766064,0.2225,0.49664429530201376,0.36126629422718765,0.11111111111111112,0.12777777777777777,0.24,0.2606516290726817,0.150447078394677,0.1587144894153781,0.17118997912317319,0.20740740740740737,-8.731778459265795e-05,2.1099164274728848,0.24937161457869617,0.00038224533680906693,0.2257542185103119,-0.07121222182289666,0.2832032628712889,0.05478447778244139
0.0,0.5578406169665809,0.38,0.6006711409395958,0.41713221601489475,0.2638888888888889,0.28055555555555556,0.3725,0.38095238095238093,0.1255458515283812,0.13088186903586435,0.30793319415448844,0.3423280423280423,0.6108108030447225,-0.6142687008253962,0.24991761711043367,-0.611287078818096,0.3472814044656553,-0.07466967813254978,0.4802827293834269,0.13397170646927326
0.07812500000000003,0.31105398457583544,0.355,0.13758389261744952,0.08566108007448793,0.31666666666666665,0.32499999999999996,0.3275,0.3358395989974937,0.014244125597837448,0.013930020840188689,0.31941544885177436,0.33439153439153435,0.00010337580384603952,0.03367428302028817,0.006216234104639424,0.0004972971898223595,0.3436168399522754,-0.05250683624539687,0.3385401520550425,0.12233522479899342
0.16601562499999997,0.4601542416452442,0.4825,0.40939597315436416,0.34450651769087515,0.30833333333333335,0.3277777777777778,0.36,0.38095238095238093,0.0498284466625078,0.048069540418997456,0.3345511482254696,0.3608465608465608,0.0003963750501156374,0.02187548688820837,0.0024424646205612223,0.00040113192901094244,0.4382989602863473,-0.1272446843533924,0.37886341336379575,0.2017771664280437
0.24999999999999975,0.48843187660668375,0.475,0.49664429530201426,0.36126629422718964,0.46388888888888885,0.46388888888888885,0.495,0.49624060150375937,0.05190788105635245,0.04148842821103415,0.47286012526096033,0.4910052910052912,-0.6111844262768175,-0.8260036756933956,0.2498649423191181,0.613053259088358,0.474774160559059,-0.06366321812936664,0.48875739611678165,0.23288861661008442
0.052884615384615384,1.0282776349614395,0.9525,0.08053691275167718,0.3054003724394774,0.9916666666666666,0.9888888888888889,1.0,0.9874686716791979,0.08959762944479109,0.07521662827684548,0.9895615866388305,0.9798941798941797,0.000170281157865049,0.04028398146723405,0.013058784871442469,0.0015597090655831022,1.0000852224305437,-0.08524710597367016,0.9944394579494339,1.0343485497507758
0.15131578947368415,0.6375321336760925,0.59,0.33221476510066916,0.29608938547485913,0.5555555555555556,0.5361111111111111,0.605,0.5914786967418546,0.07953836556456612,0.0812218931666115,0.5793319415448849,0.5613756613756613,0.000240230056890514,0.05792757623236764,0.004823513827373309,0.0007511482254351625,0.5425259928413158,-0.19717707296257392,0.4839124944981892,0.308726538464088
0.22812500000000002,0.6015424164524421,0.0,0.5939597315436207,0.0,0.4888888888888889,0.5194444444444445,0.5675,0.5864661654135338,0.10540133083801081,0.10483163321267812,0.5219206680584548,0.5597883597883596,0.0004591693369580608,0.08126085713271906,0.0027713688564102775,0.00047235605984669374,0.4365092892449292,-0.4025391607951006,0.35793405056642136,0.20612886784768944
0.03125000000000003,0.41388174807197947,0.26,0.22147651006711427,0.18621973929236466,0.3416666666666667,0.3527777777777778,0.37,0.38095238095238093,0.029709918902058232,0.02736645826477979,0.3538622129436324,0.37407407407407395,-0.0001913260986763816,0.7504837738279742,0.24993033314075405,0.0005333256818575047,0.3149821032895858,-0.043968455611992245,0.38293615738990544,0.10315632820528586
0.0,0.6426735218508998,0.5075,0.1946308724832192,0.3277467411545609,0.45,0.6861111111111111,0.5075,0.7092731829573935,0.08499688084841087,0.07326971591532302,0.4775574112734862,0.7005291005291006,0.6109671784228494,-0.3821051085306164,0.24996054111979443,-0.6110785064580418,0.5629793761718084,-0.0926199376761612,0.6503684507680416,0.328300459266483
0.0,0.31105398457583544,0.3825,0.09731543624161183,0.21787709497206673,0.33055555555555555,0.3194444444444444,0.3825,0.37343358395989973,0.05492306092742798,0.05168915213337748,0.35647181628392477,0.3412698412698414,-3.4866509571767325e-06,1.5723164047990426,0.24966111552186504,0.0005261129584919018,0.3107209817623998,-0.007697770121121634,0.37975969148746547,0.09944892564368481
0.07004310344827586,0.7043701799485862,0.615,0.43959731543624053,0.26629422718808105,0.6166666666666667,0.7111111111111111,0.635,0.6992481203007519,0.04946454564358479,0.02596797192058689,0.6304801670146136,0.7058201058201058,0.0,0.0,0.0,0.0,0.6653315152548149,-0.1170712451497326,0.649480448881386,0.458889529083433
0.23046875000000006,0.46272493573264784,0.4,0.3422818791946296,0.20670391061452456,0.21666666666666667,0.19722222222222222,0.325,0.3032581453634085,0.1124194219172388,0.11536141274542083,0.2766179540709811,0.24920634920634918,-0.6110106934625962,-2.2190813768489313,0.0008263127973387588,0.6127053435280917,0.3720811317538775,-0.23646882194433358,0.2896406425280982,0.14943322895464387
0.171875,0.455012853470437,0.345,0.3087248322147666,0.18249534450651728,0.2722222222222222,0.30833333333333335,0.385,0.41353383458646614,0.12572780203784573,0.12896237797521087,0.3267223382045928,0.36666666666666664,0.0004464788852017646,0.08715980384463051,0.12414381523768504,0.0003173463156775457,0.3338162604397477,-0.4674768547539363,0.23127046857823721,0.1270689484266813
0.07886904761904763,0.4781491002570694,0.4275,0.49999999999999956,0.3687150837988839,0.4444444444444445,0.4527777777777777,0.485,0.48621553884711777,0.05687253067165707,0.05366348579576585,0.45563674321503095,0.47936507936507916,0.00020103648642634306,0.1382642533290077,0.0014240015376694374,0.0006570206667482764,0.4251747059826146,-0.11320441119501384,0.4237140269333609,0.18769179614228362
0.04687500000000004,0.4447300771208226,0.335,0.33892617449664564,0.19925512104283052,0.38888888888888884,0.39999999999999997,0.4275,0.43358395989974935,0.044759825327510994,0.04269496544916099,0.4024008350730687,0.42539682539682533,-0.00020487011132112634,0.6127682471198993,0.2499550916926986,0.0006041783061463541,0.3568263166865519,-0.03134923564460962,0.42001077487137006,0.13254821586791501
0.09570312499999994,0.5424164524421593,0.54,0.16442953020134238,0.22160148975791435,0.5083333333333333,0.5249999999999999,0.5625,0.5639097744360902,0.08117592014971942,0.06490621915103648,0.5307933194154487,0.5603174603174603,0.0,0.0,0.0,0.0,0.4986364411113004,-0.13387367683592494,0.4639170435976609,0.259121526539014
0.052083333333333384,0.390745501285347,0.3875,0.12080536912751488,0.08193668528864079,0.41388888888888886,0.41944444444444445,0.395,0.39598997493734334,0.0031711374506134173,0.0026050235823187207,0.3997912317327765,0.41005291005291006,1.8397406794554317e-05,0.07944928454496238,0.020092740925290346,0.0006510362289430591,0.39091528890403954,-0.01590612465285071,0.3997153252032702,0.15763799548676835
0.10937500000000011,0.4575835475578406,0.4525,0.1677852348993277,0.16387337057728157,0.475,0.46388888888888885,0.4625,0.45112781954887216,0.01008525681014767,0.008007019853021798,0.468162839248434,0.4597883597883598,-6.574752550899723e-05,0.18786275581062373,0.24956798230592295,0.0007541672639268256,0.44307141639679554,-0.03209542885567524,0.45074936578549024,0.2026919991867779
0.0,0.41131105398457585,0.35,0.3087248322147643,0.29422718808193615,0.4555555555555555,0.2722222222222222,0.4975,0.3508771929824561,0.08195570804741122,0.08204453219260599,0.46607515657620024,0.3169312169312169,-0.00011325795285375765,2.4571262230906594,0.2491367984352285,0.0005707033871810177,0.337054712800409,-0.025295439098857807,0.42809369045217543,0.11834165221733366
0.0,0.455012853470437,0.25,0.4194630872483224,0.2886405959031661,0.3333333333333333,0.3611111111111111,0.4275,0.44360902255639095,0.10714285714285722,0.10521553142481099,0.3752609603340291,0.41058201058201055,-0.00013803235437146035,1.9771721138418776,0.2494513967132392,0.000495953385595662,0.2929094937787626,-0.03061312874280172,0.4190492887662083,0.0898008047934656
0.16927083333333334,0.5269922879177378,0.4375,0.580536912751679,0.38361266294227175,0.3972222222222222,0.40555555555555556,0.45,0.45112781954887216,0.07374194219172397,0.06764834923768807,0.4170146137787053,0.4423280423280422,0.00011236939360292671,0.0841125160771198,0.004106280059444332,0.0006997789875502121,0.4509118800068177,-0.12619521004741516,0.4404257657690712,0.2112098360677112
0.0,0.38817480719794345,0.38,0.06375838926174522,0.0800744878957176,0.4083333333333333,0.42777777777777776,0.3825,0.40350877192982454,0.0017415263048450944,0.0018372271580563884,0.39091858037578253,0.415873015873016,-1.8755365652261486e-05,0.36407247305676516,0.24998519723564686,0.0006546817741430878,0.38665416737685354,-0.009824579665252563,0.40786563298990003,0.15392470968372088
0.06944444444444442,0.5244215938303342,0.5275,0.19463087248322053,0.11918063314711441,0.5361111111111111,0.5416666666666666,0.5275,0.5288220551378445,0.013724266999375833,0.013984863441921335,0.5229645093945715,0.5396825396825392,9.881964864657358e-05,0.07615803982076481,0.0032434779269641407,0.0007618592515676321,0.4853417419464803,-0.10771134153982295,0.47074232272395994,0.24430569441262778
0.22222222222222227,0.46786632390745503,0.5525,0.6409395973154366,0.38175046554934705,0.4861111111111111,0.4583333333333333,0.5375,0.5087719298245613,0.07777084632979812,0.08163321267961071,0.5057411273486428,0.4915343915343915,0.6110695024383404,-0.5360062391678015,0.24993434436983297,-0.6113196798927568,0.48108062041929434,-0.13732053528058644,0.4646574383118496,0.241311890029576
0.1651785714285714,0.3856041131105398,0.365,0.2382550335570489,0.28119180633147156,0.36944444444444446,0.37777777777777777,0.4125,0.42105263157894735,0.059445830734040646,0.05407480530876417,0.38830897703549033,0.41216931216931196,-0.009897134971671818,1.3133599266740459,1.7734368848184405e-06,0.005484970921572243,0.38997784216805864,-0.07025581504562604,0.4019181280648384,0.15734186465569494
0.13333333333333333,0.377892030848329,0.345,0.1040268456375856,0.26815642458100497,0.37222222222222223,0.33055555555555555,0.395,0.3483709273182957,0.025135163235599948,0.02651639793791817,0.38152400835073047,0.3391534391534391,0.00022868932664801755,0.15178126362031577,0.0034154563211973013,0.0005321449635942519,0.3455769558547809,-0.07867776079998026,0.350980316028375,0.12454597719962045
0.3571428571428571,0.29562982005141386,0.43,0.22147651006711383,0.4078212290502793,0.3194444444444444,0.35555555555555557,0.43,0.46365914786967416,0.1525005198585986,0.14058900954261308,0.38152400835073047,0.41058201058201044,0.00010577433108823557,2.7222754818802546,0.0010624236705837865,0.0005773404053038708,0.3409749446054201,-0.06764618396863953,0.4257434215253211,0.12502424484377514
0.0,0.40359897172236503,0.3925,0.020134228187920416,0.024208566108007028,0.46388888888888885,0.4555555555555555,0.4725,0.45614035087719296,0.019884591391141605,0.014121969946254264,0.4618997912317326,0.455026455026455,-2.999620940547927e-05,0.6389415588521392,0.24995103277049566,0.0006943668938802742,0.4100903357763763,-0.00941922764083719,0.44793929787576203,0.1729003920219981
0.15340909090909094,0.39845758354755784,0.245,0.2785234899328866,0.24581005586592225,0.18611111111111112,0.20555555555555555,0.3225,0.3508771929824561,0.18811083385319216,0.18843917955467848,0.25365344467640905,0.29576719576719573,0.00042802822546389376,0.05463676257133252,0.0043888821153440115,0.0002766117961712541,0.3437020623828191,-0.2948678690284483,0.2611301894583654,0.12924901400453281
0.21710526315789472,0.3856041131105398,0.4175,0.4865771812080534,0.27932960893854636,0.4666666666666666,0.425,0.53,0.5087719298245613,0.10566126013724302,0.09205330700888467,0.48538622129436304,0.46084656084656067,0.00044070159078858466,0.16320557225418245,0.0039382936949743244,0.0006501111676754718,0.42960627237088794,-0.11287332308802102,0.4860157825548166,0.19324059611830996
0.17559523809523808,0.33676092544987146,0.47,0.6912751677852339,0.4543761638733706,0.37777777777777777,0.375,0.47,0.44611528822055135,0.1263256394260742,0.11292091696829935,0.42797494780793305,0.4058201058201058,0.00042992143544628465,0.1014013279571387,0.0017815297239695553,0.0003469741539027631,0.3271689108573376,-0.3404928941356993,0.2636440094489409,0.11696880291995163
0.04687499999999999,0.3676092544987146,0.3025,0.12080536912751623,0.10428305400372437,0.3027777777777778,0.31388888888888883,0.315,0.3157894736842105,0.013854231648991487,0.008089283755621434,0.30949895615866374,0.32275132275132273,0.0,0.0,0.0,0.0,0.34097494460542016,-0.07671078424604677,0.326400943765005,0.1208085138993369
0.11904761904761904,0.2236503856041131,0.335,0.16107382550335594,0.23836126629422785,0.2972222222222222,0.26944444444444443,0.3625,0.3358395989974937,0.0610054065294241,0.053828013600965306,0.3241127348643005,0.30317460317460315,0.0003006004185080279,0.10320149490690166,0.003893637617523407,0.0003567969099894007,0.2945287199590932,-0.2872463181932873,0.25998585385684136,0.09363717741988502
0.20552884615384617,0.429305912596401,0.565,0.22483221476510049,0.1638733705772796,0.3527777777777778,0.3916666666666666,0.4975,0.5363408521303258,0.22686629236847566,0.22024788855983307,0.4264091858037576,0.47830687830687824,0.0008066015678333515,0.05565596881789007,0.0016822887671710516,0.0004389308263721925,0.592210669848304,-0.4775709828085575,0.4767003040421171,0.3789713657381479
0.06250000000000006,0.5372750642673522,0.3275,0.30872483221476565,0.17877094972066965,0.41944444444444445,0.43333333333333335,0.4425,0.45363408521303256,0.028514244125597363,0.029258528024568995,0.4258872651356993,0.44761904761904775,-0.00028409189230452626,0.11414823490207879,0.24984301676678158,0.0008087522182003807,0.40719277313788976,-0.061014620285974645,0.4666905452776319,0.17421362848704494
0.08413461538461536,0.46786632390745503,0.49,0.2147651006711414,0.13407821229050224,0.4666666666666666,0.4583333333333333,0.4775,0.46867167919799496,0.023835516739446762,0.023719425249533743,0.470250521920668,0.46296296296296313,-0.611176598908303,-1.235518580524568,0.24972263187377092,0.6129889972584456,0.4414521902164649,-0.1405365592871908,0.4374389516925173,0.20215787678719532
0.2589285714285715,0.6195372750642674,0.665,0.5570469798657697,0.3240223463687148,0.6499999999999999,0.6555555555555556,0.6925,0.6942355889724311,0.09609586192555651,0.09907316003071195,0.6555323590814193,0.6867724867724866,0.6109450192609203,-0.7674869776763541,0.24988071475748186,-0.6110577516731833,0.5621271518663712,-0.18804070618922172,0.5831496696195578,0.33146365995878185
0.12276785714285712,0.6015424164524421,0.6275,0.7214765100671148,0.4581005586592173,0.6222222222222222,0.5777777777777778,0.6575,0.6090225563909775,0.08512684549802445,0.0788910825929581,0.6419624217118997,0.6010582010582011,0.00021785420443240375,0.07885507871702933,0.0011321257700230834,0.0009026912550148038,0.6080620419294357,-0.13299842816545207,0.5971734848457784,0.3834336091933967
0.09635416666666669,0.2827763496143959,0.3225,0.07718120805369008,0.1359404096834264,0.3027777777777778,0.2888888888888889,0.3225,0.3107769423558897,0.016973383239758673,0.01653504442250731,0.30949895615866374,0.3005291005291005,0.6111373593502649,-1.2896336603328673,0.2496998777149114,-0.6117338278123906,0.2766320095449122,-0.1028671699900872,0.2735057084636017,0.07956266747000676
0.17633928571428573,0.2493573264781491,0.3075,0.312080536912753,0.1899441340782108,0.2638888888888889,0.2638888888888889,0.355,0.3358395989974937,0.10852048242877935,0.08363496764286481,0.31054279749478075,0.29100529100529104,4.612362497982953e-05,2.5669740611478034,0.000939823400186841,0.0004891696794981251,0.28890403954320776,-0.06421235956209188,0.3259707251624012,0.08738358253351682
0.1294642857142857,0.24164524421593828,0.345,0.09395973154362405,0.1936685288640592,0.2333333333333333,0.2333333333333333,0.3175,0.3182957393483709,0.1316022042004576,0.12731709992322043,0.26200417536534437,0.2841269841269841,0.00021412158761615238,0.14068817467247086,0.004195461995833873,0.00039507054579379056,0.2694733253792398,-0.13439489860538448,0.2927083690977908,0.0763596635755667
0.21093750000000003,0.9331619537275063,0.905,0.44630872483221656,0.3966480446927371,0.9916666666666666,0.9916666666666666,0.9575,0.9624060150375939,0.03937928883343741,0.037101020072392424,0.9629436325678494,0.9904761904761906,-5.997956070991322e-05,0.05969215431709461,0.015180055676956544,0.0016140006558763398,0.9288392704959945,-0.05034917975342324,0.9611649663290268,0.8895341465851065
0.22395833333333334,0.583547557840617,0.4125,0.23825503355704625,0.24022346368715178,0.33888888888888885,0.3666666666666667,0.445,0.46365914786967416,0.13797047203160742,0.1334594713173194,0.387787056367432,0.4264550264550263,0.0005375426551969636,0.11945776525635166,0.0024465420901104962,0.0004943918843916673,0.41639679563661147,-0.4132321495273869,0.35865585417303397,0.18919046821845859
0.23579545454545453,0.23393316195372751,0.2325,0.18791946308724877,0.18808193668528922,0.27499999999999997,0.2638888888888889,0.3375,0.3208020050125313,0.054247244749428374,0.05284084676977097,0.30845511482254684,0.2915343915343915,0.0002963373446454371,0.17603981409620445,0.004812298663786519,0.00042804522786736023,0.27254133287881366,-0.021906492859493032,0.3386120203440746,0.07734806678984633
0.19965277777777776,0.20822622107969152,0.385,0.10067114093959804,0.09869646182495255,0.24444444444444444,0.26666666666666666,0.315,0.3383458646616541,0.06285090455396149,0.06243830207305046,0.2802713987473902,0.3089947089947089,0.00020112410778728879,2.0855399929228646,0.0006077056154307289,0.0004441413072508597,0.2623146412135674,-0.19495144516650334,0.28053567020411996,0.07508436143989836
0.13020833333333345,0.5269922879177378,0.5375,0.3221476510067141,0.18249534450651653,0.42777777777777776,0.45,0.4975,0.5137844611528821,0.08517883135787037,0.08706263025117884,0.4561586638830897,0.4894179894179896,-0.00024319407458776892,0.9093683574688579,0.24989450851700395,0.0007512191751923408,0.4436679734106016,-0.05603923607086408,0.5065310724530687,0.2045780364788887
0.0,0.38303341902313626,0.3725,4.470696743457015e-16,2.480945306424932e-16,0.41388888888888886,0.41388888888888886,0.4275,0.42355889724310775,0.0217040964857559,0.01927717450915881,0.42014613778705623,0.4142857142857143,-1.731669574553468e-05,0.2319074316932486,0.2499933584368874,0.0006536762493705609,0.3860576103630475,-0.007692693342561216,0.41648186494292255,0.15324358365361113
0.057499999999999996,0.4652956298200514,0.4875,0.5738255033557061,0.36312849162011135,0.4888888888888889,0.4444444444444445,0.515,0.46616541353383456,0.03587024329382414,0.03627838104639683,0.49321503131523986,0.4539682539682539,0.0,0.0,0.0,0.0,0.46957559229589224,-0.08173053017649569,0.45853829232269416,0.2285832921223983
0.17187499999999997,0.4601542416452442,0.4225,0.5436241610738257,0.35940409683426494,0.46388888888888885,0.46944444444444444,0.4875,0.48370927318295737,0.0445778748180493,0.03501700120653702,0.47233820459290166,0.480952380952381,6.654592172639305e-05,0.0872522449789747,0.10605895175053881,0.0006949651222454169,0.43216294528719945,-0.09086023796184604,0.4380689421504686,0.19326627713033206
0.28571428571428564,0.2699228791773779,0.4275,0.3926174496644313,0.2905027932960883,0.20277777777777778,0.18611111111111112,0.345,0.3057644110275689,0.17734976086504506,0.14621037622024788,0.2750521920668058,0.24126984126984133,0.00020487380823569268,3.2584189033476374,0.001544416667226335,0.0005242360775602544,0.30961309016533145,-0.19846323775296304,0.32411872952739085,0.10460199139760394
0.3611111111111111,0.5424164524421593,0.2075,0.2885906040268453,0.255121042830541,0.2916666666666667,0.3333333333333333,0.4375,0.46365914786967416,0.20438240798502824,0.19806405615882428,0.36169102296450933,0.40899470899470897,0.00035843935850140754,2.1238092491203244,0.0006313406334087268,0.0006014416529790329,0.3552070905062212,-0.36977833307684443,0.41317026152482605,0.14303751400512552
0.16875,0.8560411311053985,0.6675,0.2684563758389275,0.15270018621973744,0.7638888888888888,0.6583333333333333,0.7675,0.669172932330827,0.04631940112289483,0.04392892398815584,0.7599164926931101,0.6740740740740738,0.6109517338913691,-0.5742921886305042,0.24992651918398487,-0.6107611619689073,0.7412647008692685,-0.16781241568234018,0.7840043398161171,0.5706318196764556
0.0,0.3598971722365038,0.37,0.46979865771812007,0.35009310986964576,0.29444444444444445,0.31666666666666665,0.3775,0.37092731829573933,0.09557600332709497,0.08336075463419984,0.32828810020876825,0.35185185185185197,-8.501741153263081e-05,1.681369021575451,0.24960963346854748,0.0005883123854243137,0.3474518493267428,-0.07022017418523181,0.4001561537505077,0.12486658994187508
0.13281249999999994,0.6863753213367609,0.66,0.38926174496644106,0.22905027932960764,0.5388888888888889,0.5722222222222222,0.6275,0.6491228070175438,0.13147223955084208,0.12622024788855965,0.5777661795407094,0.62010582010582,-0.0004068440279353558,0.6301880077586997,0.2499519726136141,0.000884552497640414,0.5224134992329981,-0.09426195767788072,0.6280125988332023,0.2875941808826587
0.2875,0.6503856041131104,0.4325,0.1409395973154344,1.083798882681565,0.3916666666666666,0.35833333333333334,0.6325,0.6340852130325814,0.7569661052193808,0.6591532302292423,0.5093945720250519,0.45079365079365075,0.0006773016127211888,0.10748699250289183,0.12316672129347196,0.00041341600311256083,0.42440770410772105,-0.7484697962508667,0.312792059495289,0.21055978762855096
0.21874999999999986,0.20051413881748073,0.4,0.10067114093959514,0.26443202979515834,0.2333333333333333,0.19999999999999998,0.3675,0.3308270676691729,0.16466521106259083,0.16343095316441777,0.3027139874739039,0.26719576719576726,-0.0001702925773773335,3.7708034589821846,0.24790346959263018,0.0004223576041283741,0.24944605420146582,-0.02824503260604705,0.36843581367176287,0.06822851654490492
0.4101562499999999,0.2287917737789203,0.265,0.187919463087249,0.22718808193668555,0.17777777777777778,0.17777777777777778,0.305,0.2656641604010025,0.150447078394677,0.08028956893715068,0.23382045929018772,0.20793650793650784,-7.781674697705019e-05,1.093168597476227,0.24984341384093625,0.0004897471869492128,0.2892449292653826,-0.06457475189139725,0.3641490479578021,0.08705894897706508
0.09375000000000008,0.2262210796915167,0.1875,0.11073825503355625,0.1433891992551202,0.26111111111111107,0.25555555555555554,0.2775,0.2681704260651629,0.011566853815762203,0.011160469452670947,0.26878914405010434,0.26243386243386246,-9.56697683361765e-05,0.2988144410156759,0.24998975234600174,0.000389897847191415,0.230271007329129,-0.003719970485574341,0.3066354309589719,0.054278362147165894
0.1273148148148148,0.4241645244215938,0.3425,0.36912751677852246,0.35940409683426494,0.21944444444444444,0.24444444444444444,0.38,0.39849624060150374,0.2542888334373054,0.25071295382253,0.2938413361169101,0.3402116402116402,0.00030101387819009187,0.04056332768856876,0.012039829337974256,0.00032925643811146225,0.333731038009204,-0.19585273060963407,0.3151206485518297,0.11880937870612202
0.14130434782608695,0.4524421593830334,0.42,0.30536912751677814,0.2532588454376152,0.38611111111111107,0.31666666666666665,0.4675,0.38596491228070173,0.1056612601372426,0.07809586486782955,0.42014613778705623,0.35608465608465595,0.0,0.0,0.0,0.0,0.39176751320947667,-0.15758893109252436,0.3793131186862689,0.16177981505457473
0.22368421052631574,0.4190231362467866,0.52,0.1577181208053677,0.14897579143389053,0.2861111111111111,0.26666666666666666,0.38,0.3558897243107769,0.10223019338739885,0.10017001206537247,0.3355949895615865,0.31058201058201057,0.00048210510684767717,0.12270561595351326,0.0030711493711566814,0.0004609067545313328,0.37906937105846256,-0.3896183905824952,0.36197473188919277,0.15668101194111284
0.09218749999999999,0.2699228791773779,0.3025,0.28523489932885904,0.2067039106145253,0.2638888888888889,0.27499999999999997,0.3225,0.3233082706766917,0.054377209399043475,0.04990676757705368,0.28757828810020863,0.3095238095238095,0.6425973773594255,0.3199288376273343,0.16733481645625328,0.0004689681813124872,0.27697289926708707,-0.1570058930161294,0.2753857999001612,0.0807034081454966
0.06250000000000006,0.32904884318766064,0.2975,0.29194630872483146,0.20111731843575423,0.25277777777777777,0.2361111111111111,0.3125,0.2957393483709273,0.050556248700353495,0.04785017001206526,0.2818371607515657,0.26455026455026454,-3.171428675460653e-05,2.2481736689325706,0.2492826908642144,0.000437227605947573,0.2582239645474689,-0.10769596063257587,0.291962229051907,0.06960783503163089
0.0,0.5758354755784062,0.2375,0.11744966442953002,0.21601489757914338,0.4083333333333333,0.3611111111111111,0.56,0.5162907268170426,0.2475826575171562,0.25603268619063335,0.4853862212943632,0.44232804232804246,-0.0003768827018477773,2.2579952685627425,0.24927572352663815,0.0005616095600069163,0.33168569967615474,-0.060911709344131905,0.5231688545724823,0.12336526813723006
0.2633928571428571,0.31362467866323906,0.6125,0.11744966442952912,0.2607076350093102,0.5388888888888889,0.5694444444444444,0.6375,0.6616541353383458,0.17688188812642722,0.1770044970933394,0.5819415448851771,0.626984126984127,0.0011786347896136004,0.10493503314604384,0.0011593489793470958,0.000255195128792344,0.47605249701721486,-0.7164541825981772,0.34512771050635316,0.2623715390477411
0.12499999999999999,0.442159383033419,0.31,0.16107382550335572,0.27932960893854786,0.24722222222222223,0.26666666666666666,0.3375,0.3383458646616541,0.09453628613017272,0.0782878139738949,0.289144050104384,0.3174603174603174,0.0005647331360605807,0.04161469039833993,0.0013019121354389995,0.00019915574366260327,0.3667121186296233,-0.2530856841045162,0.3056031072299429,0.14431399415578508
0.07118055555555558,0.5038560411311054,0.46,0.21140939597315475,0.2067039106145243,0.4527777777777777,0.4555555555555555,0.4625,0.46365914786967416,0.024355375337908044,0.02166282768454538,0.45093945720250506,0.4682539682539682,0.00010982118581796288,0.11422210491644288,0.006517507297329399,0.0007528687510641153,0.47170615305948516,-0.11492357311703333,0.4526098502731398,0.2310540625637751
0.08506944444444445,0.5424164524421593,0.485,0.3221476510067132,0.20856610800744776,0.5249999999999999,0.5361111111111111,0.545,0.5538847117794485,0.03800166354751487,0.03570253372819961,0.5292275574112731,0.5534391534391533,6.288714803164464e-05,0.09412832929747407,0.13219594645778682,0.0008082793062333256,0.4965058803477075,-0.07717501501679819,0.47619350993492165,0.2558542371904645
0.09821428571428571,0.37532133676092544,0.38,0.10402684563758381,0.08007448789571561,0.3638888888888889,0.3805555555555556,0.3725,0.37844611528822053,0.013308380120607201,0.00910387188768241,0.36743215031315224,0.38306878306878306,-7.089962372523487e-05,0.30285019456907597,0.24998957863013757,0.0005875849771723743,0.34702573717402413,-0.019720312775247925,0.3652559965368113,0.12429071762240786
0.0,0.3547557840616966,0.2375,0.22818791946308625,0.13407821229050348,0.40277777777777773,0.38888888888888884,0.445,0.43107769423558895,0.04738511124974015,0.04790501261379833,0.4237995824634652,0.4095238095238094,-0.00027314934072111,0.6925132928801238,0.24994134915025212,0.000471284878116453,0.27833645815578656,-0.024652263761882863,0.4018965347593987,0.0821810097476324
0.0,0.32390745501285345,0.3375,0.08389261744966518,0.07076350093109862,0.3277777777777778,0.3277777777777778,0.35,0.3458646616541353,0.02443335412767731,0.022156411100142697,0.3392484342379956,0.3322751322751322,0.6111228957748481,-0.5296259036898531,0.24993560177815685,-0.6116471896455049,0.3192432248167717,-0.04464758671590676,0.34096579361991836,0.10503068810433891
0.22443181818181823,0.365038560411311,0.49,0.20805369127516987,0.1806331471135926,0.3361111111111111,0.35555555555555557,0.4075,0.42606516290726815,0.07935641505510489,0.07699901283316846,0.369519832985386,0.4005291005291004,0.0002654899351952236,0.0913197784732013,0.005425776910063849,0.000547444482522162,0.4065962161240838,-0.27378660802841875,0.3765230048346809,0.17443854144465532
0.12202380952380952,0.29048843187660667,0.3425,0.20469798657718008,0.2551210428305401,0.27499999999999997,0.3194444444444444,0.3375,0.37593984962406013,0.058925972135579124,0.05750246791707807,0.30062630480167,0.34708994708994706,0.000294374335245483,0.16682570515742298,0.004391516925827054,0.0004929590010771389,0.3184762229418783,-0.07004158833369786,0.35555008744540345,0.10571369283224892
0.18749999999999947,0.377892030848329,0.3225,0.1275167785234891,0.40409683426442966,0.2111111111111111,0.19444444444444442,0.32,0.3032581453634085,0.13243397795799483,0.11744543161127459,0.266179540709812,0.23915343915343917,0.6109364196317245,-1.058646606597918,0.2497901090426399,-0.6115273432149764,0.2797000170444861,-0.050293967350371664,0.41053508217584994,0.08431844635599083
0.18749999999999947,0.5012853470437018,0.575,0.20805369127516987,0.3333333333333335,0.4888888888888889,0.4888888888888889,0.575,0.5588972431077693,0.13040652942399641,0.11799385762860527,0.5396659707724423,0.52010582010582,-0.00015405910789455653,0.026994798437556724,0.25001623398562184,0.0009707700389906803,0.4964206579171637,-0.04724898543911591,0.5394398433881478,0.2536856186309897
0.13541666666666677,0.5681233933161953,0.5375,0.2583892617449653,0.1601489757914332,0.5583333333333332,0.5694444444444444,0.565,0.5664160401002506,0.028722187564982116,0.0234452122408685,0.5558455114822545,0.5767195767195767,0.0,0.0,0.0,0.0,0.5532640190898244,-0.04877493354502357,0.562071094253404,0.316075159589405
0.26704545454545453,0.24421593830334187,0.2175,0.20805369127516718,0.2532588454376167,0.21388888888888888,0.20833333333333331,0.275,0.2531328320802005,0.045149719276356755,0.039952835362509605,0.2406054279749475,0.23333333333333328,0.00036818715995301466,0.17373799482884703,0.004784624028330348,0.0003491423896956036,0.23308334753707174,-0.1623987687639908,0.2540668846824252,0.057880345840975206
0.22767857142857137,0.34190231362467866,0.39,0.45637583892617517,0.32588454376163944,0.3416666666666667,0.3361111111111111,0.4,0.39348370927318294,0.06207111665626963,0.06548206646923344,0.37682672233820436,0.3613756613756614,-1.9908605363718243e-05,0.9171906309118121,0.24989269858655386,0.0005793533699802956,0.3421680586330321,-0.08122552262394436,0.38184505745336533,0.12065563899792962
0.0,0.39331619537275064,0.265,0.22818791946308536,0.2532588454376163,0.23055555555555554,0.21944444444444444,0.3025,0.2982456140350877,0.0750415886878767,0.07686190632883565,0.270876826722338,0.25238095238095226,-6.11048801794399e-05,2.3319124880352,0.2492258740021053,0.0004943682477344828,0.2919720470427816,-0.03719285439561051,0.3500917614073397,0.08857689849552779
0.25852272727272724,0.29305912596401024,0.3725,0.47986577181208184,0.27560521415269923,0.18333333333333335,0.20833333333333331,0.315,0.3408521303258145,0.1665367020170512,0.16417132828781367,0.2484342379958245,0.2888888888888889,-0.611071541567981,-2.7825839049426904,0.0012804477732611015,0.6126251734505275,0.2887335946821203,-0.20581057309182998,0.24848261649565279,0.08940999341433878
0.328125,0.29562982005141386,0.295,0.2416107382550329,0.13780260707634961,0.24166666666666667,0.23055555555555554,0.3675,0.3308270676691729,0.16318361405697654,0.11072721289897995,0.2985386221294362,0.26878306878306885,0.00038875253391527264,0.16603845188546232,0.0064246289444949605,0.0004186510018298768,0.2839611385716721,-0.0959537031261313,0.3180463355448065,0.08594964686483306
0.0,0.4704370179948586,0.315,0.1006711409395976,0.2532588454376174,0.26944444444444443,0.2833333333333333,0.3175,0.3182957393483709,0.043980037429817084,0.02969726883843192,0.2943632567849685,0.3137566137566136,-0.00023800422527461043,0.7862314075376708,0.24992289843839496,0.0006008572563481923,0.3548662007840463,-0.04836527749979066,0.44714408660253196,0.1312301493115429
0.05803571428571426,0.37532133676092544,0.4125,0.11073825503355579,0.13035381750465486,0.40277777777777773,0.4111111111111111,0.4025,0.41353383458646614,0.012294655853607917,0.011873423275200252,0.4003131524008351,0.41640211640211655,0.00022502984744123978,0.1640524877497605,0.0015043297952882207,0.0005910121262762517,0.3759161411283449,-0.08169419029649938,0.37775918646543843,0.14649058196757928
0.0,0.2802056555269923,0.3175,0.11073825503355803,0.09869646182495403,0.35555555555555557,0.3472222222222222,0.405,0.37844611528822053,0.047749012268662905,0.03008116705056482,0.3736951983298537,0.3592592592592593,-9.250857477554864e-05,0.5919516601832583,0.24995840328173632,0.0005063464308762514,0.29904550877791025,-0.008675034842169407,0.37688880920141393,0.09155731659712511
0.0,0.39845758354755784,0.465,0.19127516778523432,0.12476722532588451,0.37222222222222223,0.3666666666666667,0.3875,0.37844611528822053,0.01905281763360359,0.016315674015575078,0.37734864300626286,0.37037037037037035,0.6110371302327872,-0.11223569025863309,0.24998925196202354,-0.6114026903045839,0.412902675984319,-0.044109183272621554,0.46587255257784355,0.17602304578213682
0.05113636363636368,0.7146529562982005,0.6675,0.34899328859060474,0.21415270018622207,0.6472222222222223,0.6583333333333333,0.6675,0.6716791979949874,0.057886254938657594,0.047630799605133806,0.6518789144050103,0.6793650793650795,-7.574855755825318e-05,0.09407564603836585,0.24998093784234182,0.0011685109021646062,0.6670359638656894,-0.05778482677378566,0.6938526473202965,0.4589198072471619
0.21153846153846156,0.5398457583547558,0.8175,0.5302013422818787,0.6145251396648036,0.7416666666666666,0.7055555555555556,0.865,0.8195488721804511,0.35904034102724364,0.21983656904683707,0.7740083507306886,0.7359788359788361,0.0011322633163515427,0.17506432376383504,0.001366046987720481,0.0009122204057808716,0.6522072609510823,-0.3129246595701317,0.6270506557182285,0.4505711549565404
0.06597222222222225,0.4601542416452442,0.435,0.08053691275167764,0.0465549348230911,0.5055555555555555,0.5055555555555555,0.4875,0.47619047619047616,0.008239758785610441,0.0033453987057147205,0.4874739039665967,0.4873015873015871,0.00020976109968898955,0.17493931811595856,0.0019025035164709195,0.0007519646974237724,0.46216124083858867,-0.057070654766711575,0.48265966300979735,0.22037826148140477
0.18750000000000017,0.5861182519280205,0.58,0.08053691275167718,0.30167597765362947,0.5583333333333332,0.5499999999999999,0.5875,0.581453634085213,0.05970576003327017,0.0528408467697694,0.5694154488517742,0.5576719576719575,-0.00017458656513338983,0.16077425542520116,0.2499917172778077,0.001034622176936116,0.5905914436679734,-0.03842043108411421,0.6499460723867856,0.3595382712737165
0.29687499999999994,0.42673521850899737,0.4825,0.16442953020134193,0.41527001862197205,0.4805555555555555,0.4583333333333333,0.5275,0.5012531328320802,0.0542732376793512,0.05437643961829521,0.49217118997912296,0.48306878306878304,-0.0001063460962628737,0.4135175966922913,0.24998070475544795,0.0007328954180865063,0.4328447247315493,-0.06537868343953356,0.45875235860245395,0.19372287608990135
0.34375000000000006,0.46272493573264784,0.575,0.2248322147650996,0.26815642458100647,0.5777777777777778,0.5527777777777778,0.6025,0.5739348370927319,0.051803909336660466,0.04217396073269726,0.5939457202505217,0.5650793650793651,-0.0002760411955820291,0.3089485146828931,0.2499889647387099,0.0007962394569619548,0.47025737174024196,-0.06617621280010574,0.548157053486747,0.23063346287633374
0.1062500000000001,0.8123393316195373,0.74,0.19127516778523299,0.12662942271881067,0.6722222222222222,0.6944444444444444,0.72,0.7418546365914787,0.09648575587440436,0.09734561807612313,0.689457202505219,0.7275132275132274,0.6110478715617199,-0.933107408045764,0.24983275033146837,-0.6108508294082842,0.7451849326742798,-0.2499013140849369,0.7662335023660124,0.5759136351072548
0.15624999999999942,0.8380462724935732,0.59,0.22147651006711427,0.3929236499068917,0.7472222222222222,0.7638888888888888,0.7475,0.7619047619047619,0.03880744437513157,0.03902051113304953,0.7395615866388305,0.7682539682539681,-0.0003223789466741632,0.127582414731867,0.24938374054465812,0.0013073469421412951,0.7048747230271005,-0.10544996405209148,0.7695001512360893,0.5161083661225603
0.13636363636363638,0.858611825192802,0.7225,0.6711409395973161,0.513966480446929,0.7583333333333333,0.7583333333333333,0.7925,0.7894736842105262,0.08998752339363708,0.07573763299330975,0.7849686847599153,0.7809523809523802,0.6110838208043754,-0.349071005282613,0.24996570871995735,-0.610826957296388,0.7805522413499232,-0.10502314512992367,0.804633135407177,0.6291448303401936
0.0,1.0282776349614395,1.0,3.576557394765612e-15,1.9847562451399457e-15,1.1111111111111112,1.1111111111111112,1.0,1.0025062656641603,0.0,0.0,1.0438413361169099,1.0582010582010581,-6.823316213037299e-06,0.06903450885358905,0.21874662153097787,0.0017315853538295302,1.0201124936083175,-0.014193018500907777,1.0390736550272806,1.07366442186531
0.06534090909090909,0.41388174807197947,0.405,0.1912751677852379,0.21601489757914327,0.4111111111111111,0.3833333333333333,0.42,0.39849624060150374,0.023081721771678082,0.020099813535154065,0.41597077244258857,0.3931216931216932,0.6111110983570778,-0.631159718980334,0.2499144438956622,-0.6114955461542723,0.4018237600136355,-0.09029049474730493,0.41247869347148164,0.16694903264080632
0.11647727272727271,0.2853470437017995,0.2475,0.19127516778523254,0.20670391061452517,0.20277777777777778,0.21388888888888888,0.265,0.2681704260651629,0.0512580578082762,0.04381923878468795,0.23173277661795394,0.25291005291005286,9.337987880466275e-05,0.04918557022063638,0.01750159479203963,0.00035336783808126595,0.24953127663200952,-0.0675617922308436,0.2580561728928706,0.06460895574485419
0.6562500000000001,0.8508997429305912,0.7525,0.33557046979865984,0.6648044692737426,0.5166666666666667,0.6,0.6675,0.7543859649122806,0.2780723643169056,0.2853186355160669,0.5882045929018788,0.6957671957671958,-0.6111571551641649,-1.4635724239476209,0.24962091657042942,0.6134592696925752,0.7306971194818476,-0.3657499911939597,0.6535346769212309,0.5606269428951203
0.4218750000000001,0.5655526992287918,0.575,0.30872483221476565,0.5046554934823093,0.6138888888888888,0.6027777777777777,0.63,0.6190476190476191,0.04322624246205045,0.03888340462871551,0.617432150313152,0.6074074074074073,-6.832463751021822e-05,0.2981971112026094,0.2499899928876738,0.0009519647873380033,0.5622123742969148,-0.062006674165712296,0.6025387325001103,0.3255183410722863
0.0,0.4241645244215938,0.4575,0.30872483221476477,0.2439478584729957,0.4388888888888889,0.4388888888888889,0.44,0.44110275689223055,0.016193595342066623,0.014067127344520819,0.44258872651356984,0.442857142857143,0.6110906046728676,-0.0933125922950851,0.2499905159291411,-0.611366792676697,0.4657405829214249,-0.019586948865872825,0.5011777716637918,0.22341232000890965
0.13244047619047622,0.9845758354755784,0.9025,0.20805369127516943,0.13407821229050199,0.8388888888888889,0.8611111111111112,0.85,0.8696741854636592,0.0600956539821171,0.06216408906438569,0.8355949895615862,0.8708994708994707,0.0003499166923924664,0.026979891333623995,0.003428875437305924,0.0012506024785111896,0.9135844554286686,-0.18753711951847024,0.8611269453756959,0.867395269411547
0.19791666666666669,0.5886889460154242,0.6225,0.2214765100671125,0.34636871508379863,0.5166666666666667,0.5388888888888889,0.605,0.6240601503759399,0.14795175712206327,0.1474443347592413,0.5537578288100204,0.5947089947089946,-0.6111633584360221,-1.976309138820316,0.24933312896890997,0.6131074785012772,0.5192602693028804,-0.22380632705231956,0.4896520244253184,0.28204516482751485
0.14062499999999978,0.4524421593830334,0.36,0.11409395973154202,0.0819366852886398,0.2777777777777778,0.3027777777777778,0.335,0.3508771929824561,0.046995217300893566,0.04189974772403156,0.30636743215031276,0.3317460317460315,0.6109584761346166,-0.35080415383639085,0.24996495885550926,-0.611352470315719,0.3960286347366626,-0.08618005967959182,0.4901665418819608,0.16316314837340237
0.08593749999999989,0.5347043701799485,0.605,0.30536912751677947,0.20484171322160086,0.3972222222222222,0.4305555555555556,0.4775,0.5087719298245613,0.10495945102931836,0.08933859822309809,0.44258872651356984,0.4804232804232805,0.6109345748303682,-0.9682650239403645,0.24982102867465147,-0.6110907229765974,0.5364752002727117,-0.20763988167285247,0.5969656246315317,0.3013475535004986
0.03125000000000072,0.6812339331619537,0.88,0.41610738255033436,0.2532588454376159,0.7305555555555555,0.7305555555555555,0.7525,0.7393483709273183,0.06269494697442753,0.05903806076560822,0.7432150313152398,0.7338624338624339,0.610921082835002,-0.28063868323184693,0.24997391252727447,-0.6106972687860267,0.7608658598943241,-0.07148133933636279,0.8615064164367104,0.5991660923257761
0.12500000000000003,0.49614395886889456,0.455,0.4328859060402668,0.2774674115456222,0.4722222222222222,0.4805555555555555,0.5,0.506265664160401,0.04436993137866499,0.04680816057913784,0.4770354906054277,0.5005291005291005,-0.6111479854303601,-1.073481747993436,0.24978514283072586,0.6129744752039927,0.4498039884097494,-0.09116861379321653,0.45444923979641494,0.20969670767343399
0.13437500000000008,0.5681233933161953,0.6075,0.32214765100671144,0.36499068901303555,0.5722222222222222,0.6194444444444445,0.565,0.6090225563909775,0.01785714285714285,0.01837227158056407,0.5631524008350729,0.6084656084656085,0.00010337742476009404,0.14726099967473963,0.004316215715545905,0.0009310994550903383,0.5653656042270325,-0.06483115405911931,0.5621453597422652,0.3306868947881322
0.23579545454545453,0.2802056555269923,0.305,0.44630872483221523,0.2513966480446932,0.24722222222222223,0.24166666666666667,0.3075,0.2957393483709273,0.052115824495736957,0.05201820774377503,0.2818371607515658,0.26666666666666683,-6.600323242073789e-05,1.0878878608395492,0.24984505763753076,0.0004994151138844954,0.2949548321118118,-0.0843964427401973,0.36009447026192803,0.08995053629667604
0.0,0.31619537275064263,0.2675,0.11744966442953046,0.13966480446927504,0.24166666666666667,0.2333333333333333,0.2675,0.2606516290726817,0.01858494489498705,0.017083470439835834,0.2531315240083505,0.24444444444444424,-0.00017280194106632213,0.020297328029807448,0.46483693396901327,0.0006551164588655057,0.29776717231975447,-0.024277549301013557,0.36075073010438546,0.09197983239150868
0.1718749999999998,0.33161953727506427,0.39,0.18120805369127435,0.16201117318435615,0.3527777777777778,0.36944444444444446,0.39,0.39849624060150374,0.04255042628405075,0.03611385324119779,0.3700417536534446,0.3920634920634921,-0.00014321417327687634,0.300753685808026,0.2499896167136049,0.0005493515140047796,0.3244417930799386,-0.045507944251467286,0.3673007114201376,0.10921254194590863
0.17361111111111105,0.5424164524421593,0.495,0.29530201342281814,0.19180633147113574,0.30833333333333335,0.40277777777777773,0.4175,0.47117794486215536,0.11676024121438974,0.08486892618185818,0.3726513569937368,0.44179894179894175,0.11384324909633124,-0.8575680686674174,0.2251600546951529,-0.11324840226854269,0.4684677006988239,-0.20530651046065607,0.4040437371221968,0.2305341062292694
0.2031250000000002,0.31105398457583544,0.415,0.20805369127516807,0.35195530726256996,0.3416666666666667,0.3333333333333333,0.415,0.41102756892230574,0.09235288001663516,0.09112098277942261,0.38256784968684737,0.3634920634920634,0.6110220124866896,-0.9248209210599742,0.24983516291406882,-0.611446131521387,0.3783023691835691,-0.06018564135656491,0.4131774316606043,0.14904434505372563
0.18125000000000005,0.8791773778920308,0.8475,0.21476510067114185,0.3277467411545602,0.8333333333333333,0.8138888888888889,0.84,0.8195488721804511,0.053883343730505746,0.04976966107272168,0.8288100208768261,0.8174603174603171,0.6110608660823672,-0.6681638732123855,0.2499061079089957,-0.6107429241937274,0.8166013294699164,-0.1267842082472355,0.8511611898740499,0.689283230017004
0.08482142857142855,0.8611825192802056,0.9675,0.06375838926174343,0.18435754189944195,0.9,1.0027777777777778,0.9025,0.9949874686716792,0.055182990226658374,0.056954041899748835,0.896137787056367,1.0005291005291002,0.0003488947836049681,0.03286990935822929,0.003264966704261703,0.001384395738350832,0.986279188682461,-0.13009491722004587,0.9465832302849577,1.0094556928491865
0.14843750000000003,0.37532133676092544,0.4225,0.4765100671140938,0.4711359404096846,0.3611111111111111,0.4527777777777777,0.38,0.46867167919799496,0.027552505718444496,0.02632444883185246,0.37056367432150306,0.4497354497354498,0.00011522805685317289,0.12253697350362151,0.0038473293773632466,0.0006260792058174372,0.3953468552923129,-0.10650489695863209,0.4048858696271909,0.1618493496009417
0.0,0.2365038560411311,0.265,0.24496644295302022,0.2756052141527,0.3527777777777778,0.3,0.4775,0.3533834586466165,0.17524433354127678,0.04044641877810693,0.3841336116910228,0.33068783068783053,-0.00011412112331824736,0.2258486974078115,0.24999344698950557,0.0004724325503623244,0.2790182376001363,-0.0345244519567505,0.3658713916126425,0.08009866349157212
0.24759615384615394,0.38046272493573263,0.4175,0.2617449664429542,0.1620111731843579,0.3027777777777778,0.3333333333333333,0.41,0.41854636591478694,0.12510397171969245,0.11448393111769264,0.35073068893528164,0.3862433862433863,0.00029411238739530574,0.09764497367620412,0.007305446738856335,0.0004608270074453619,0.3589568774501449,-0.3410189406812963,0.31966276003414557,0.13828717695552648
0.28693181818181823,0.4087403598971722,0.285,0.5268456375838919,0.35009310986964565,0.225,0.3416666666666667,0.34,0.43859649122807015,0.19499896028280328,0.14445541296479056,0.26304801670146133,0.40105820105820106,-0.611060627492955,-2.7986688242320708,0.0012948492672445464,0.6126715269739772,0.3225668996079768,-0.2358062279525725,0.28402693825301417,0.11215255081064687
0.29166666666666674,0.4781491002570694,0.5925,0.38926174496644333,0.37802607076350064,0.3972222222222222,0.37222222222222223,0.5075,0.46616541353383456,0.12957475566645815,0.1329110452999888,0.456680584551148,0.4264550264550265,-0.6111732421009313,-2.816270024124324,0.24868378567911523,0.613012762772625,0.4574740071586841,-0.35047749973858644,0.41053205571042295,0.22207671385865926
0.11314655172413793,0.493573264781491,0.52,0.19463087248322097,0.19925512104282755,0.3277777777777778,0.35,0.4,0.42105263157894735,0.07621127053441469,0.07902818909729084,0.3606471816283924,0.39206349206349217,0.00042084272054100056,0.029513777969451215,0.002862097009071995,0.00044628081963867905,0.47034259417078567,-0.15674487619968602,0.4183255711551651,0.23282087115326838
0.012500000000000011,0.5629820051413882,0.525,0.27852348993288617,0.18063314711359357,0.5416666666666666,0.5416666666666666,0.5475,0.5488721804511277,0.03202328966521155,0.03189097290775517,0.5344467640918577,0.5539682539682539,-7.898141297999025e-05,0.8608232089562026,0.249906501651817,0.0009249551530180923,0.5462757797852393,-0.08926555044219733,0.5900263701594348,0.30757620014983067
0.16118421052631574,0.3676092544987146,0.41,0.4463087248322157,0.28491620111731897,0.28055555555555556,0.25833333333333336,0.41,0.38596491228070173,0.18883863589103775,0.1933750137106503,0.352296450939457,0.3195767195767195,0.0,0.0,0.0,0.0,0.3474518493267427,-0.12426989755395815,0.4065905375765871,0.12545642372052931
0.12499999999999994,0.7043701799485862,0.685,0.10402684563758426,0.15642458100558532,0.7222222222222222,0.7277777777777777,0.6925,0.6967418546365914,0.014088168018299147,0.01239442799166402,0.6998956158663879,0.7190476190476188,-0.6111562905341738,-0.20182007904439234,0.24998261451523074,0.6133738444712509,0.6807567751832281,-0.06181669072934647,0.6833163752829153,0.4787761973080296
0.20659722222222224,0.4395886889460154,0.4475,0.19127516778523476,0.1303538175046546,0.3361111111111111,0.3638888888888889,0.4275,0.45112781954887216,0.10865044707839464,0.10329604036415475,0.3810020876826722,0.41746031746031753,0.00016021886904494582,2.5881335073118117,0.0009560176475722454,0.0006167312653610813,0.36424066814385536,-0.16969324121785104,0.4116565185466649,0.1412939227205754
0.13020833333333331,0.5475578406169666,0.67,0.27181208053691464,0.16573556797020353,0.6027777777777777,0.6194444444444445,0.62,0.631578947368421,0.04177063838635791,0.038307557310518034,0.6059498956158661,0.6328042328042327,-0.0002397460042464421,0.33024129160953575,0.24998763600209084,0.0009760380071525121,0.576444520197716,-0.05853072655519773,0.6274028077723847,0.3444150875014163
0.27473958333333337,0.5501285347043702,0.4275,0.19127516778523387,0.15270018621973916,0.24722222222222223,0.2888888888888889,0.375,0.40350877192982454,0.1563474734872117,0.14322145442579826,0.3131524008350729,0.35555555555555557,0.0009547852198043215,0.09402097507208033,0.001044355777513588,0.00024875118300682277,0.43753195841145387,-0.5452135100268533,0.36741060124198416,0.21463583218703475
0.1495535714285714,0.30077120822622105,0.525,0.261744966442952,0.17132216014897586,0.4722222222222222,0.4555555555555555,0.525,0.506265664160401,0.06672385111249543,0.06786771964461812,0.49895615866388277,0.48148148148148134,0.0,0.0,0.0,0.0,0.4057439918186466,-0.27709025460390685,0.3584043273423064,0.17674575903342377
0.22265624999999997,0.5629820051413882,0.56,0.4194630872483215,0.3910614525139663,0.5666666666666667,0.5527777777777778,0.6175,0.5989974937343359,0.08377521314202512,0.07390040583525259,0.5887265135699372,0.5714285714285714,0.00014143882314915848,0.14980947536255593,0.01442409962791237,0.0009241524909487985,0.5658769388102949,-0.09102216063358252,0.5691344450394882,0.33163653239283913
0.14224137931034486,0.455012853470437,0.5125,0.3624161073825509,0.4208566108007451,0.4666666666666666,0.4666666666666666,0.5475,0.5388471177944861,0.14548242877937148,0.12386201601403929,0.5120041753653441,0.4952380952380952,0.0,0.0,0.0,0.0,0.5223282768024544,-0.24014891777009684,0.47927007157497603,0.287801511363292
0.24999999999999942,0.3341902313624679,0.355,0.16107382550335303,0.12104283054003662,0.30833333333333335,0.31388888888888883,0.325,0.3358395989974937,0.0185069661052192,0.01763189645716783,0.31524008350730676,0.33174603174603173,0.6110690997675194,-0.1860502201292856,0.2499836768113999,-0.611592722707437,0.3195841145389466,-0.01794990934878731,0.3532501747966797,0.10537025306997769
0.20052083333333334,0.544987146529563,0.5625,0.2248322147651023,0.2029795158286774,0.3972222222222222,0.37222222222222223,0.4725,0.44611528822055135,0.08455500103971622,0.08618514862344998,0.4347599164926929,0.4116402116402116,0.01002457051601897,-0.17225758924410423,0.0006013070886470395,-0.008906532643113519,0.5256519515936594,-0.3235418158246875,0.4174377966972775,0.2959732186348767
0.13020833333333331,0.6221079691516709,0.73,0.32885906040268387,0.18249534450651952,0.6277777777777777,0.6194444444444445,0.645,0.6365914786967418,0.04907465169473904,0.04409345179335306,0.6325678496868474,0.6227513227513227,0.0002455390993090838,0.051903654300143,0.003595407457742738,0.0009727954836559491,0.6799045508777909,-0.18429737039284927,0.6310702010039124,0.48174787740045044
